date,account,category,amount,currency,converted amount,currency,description,test
01/09/2018,Cash,Initial balance 'Cash',233,QAR,233,QAR,,1
01/09/2018,Credit  card,Initial balance 'Credit  card',-5158,QAR,-5158,QAR,,2
01/09/2018,Bank Account,Initial balance 'Bank Account',760,QAR,760,QAR,,3
01/09/2018,Borrowed,Initial balance 'Borrowed',431,QAR,431,QAR,,4
01/09/2018,Bank Account,To 'Credit  card',-5158,QAR,-5158,QAR,Credit card Payment ,5
01/09/2018,Credit  card,From 'Bank Account',5158,QAR,5158,QAR,Credit card Payment ,6
01/09/2018,Bank Account,Salary,6663,QAR,6663,QAR,Salary,7
01/09/2018,Cash,Food,-7.5,QAR,-7.5,QAR,Milk,8
01/09/2018,Credit  card,Food,-242.35,QAR,-242.35,QAR,Safari ,9
04/09/2018,Bank Account,To 'Chitti Nazir',-1600,QAR,-1600,QAR,ATM Withdrawal by Nazeer,10
04/09/2018,Borrowed,To 'Chitti Nazir',-400,QAR,-400,QAR,,11
04/09/2018,Chitti Nazir,From 'Bank Account',1600,QAR,1600,QAR,ATM Withdrawal by Nazeer,12
04/09/2018,Chitti Nazir,From 'Borrowed',400,QAR,400,QAR,,13
06/09/2018,Cash,Food,-7.5,QAR,-7.5,QAR,Water,14
06/09/2018,Cash,House,-2.5,QAR,-2.5,QAR,Super Glue,15
07/09/2018,Credit  card,Food,-200.45,QAR,-200.45,QAR,,16
07/09/2018,Cash,Eating out,-33,QAR,-33,QAR,,17
07/09/2018,Credit  card,Toiletry,-189,QAR,-189,QAR,,18
07/09/2018,Credit  card,School,-3,QAR,-3,QAR,Eracer,19
07/09/2018,Chitti Nazir,Initial balance 'Chitti Nazir',10000,QAR,10000,QAR,,20
07/09/2018,Credit  card,Transport,-916,QAR,-916,QAR,Ticket Booked for Father and Mother ,21
07/09/2018,Credit  card,Work,-279,QAR,-279,QAR,Laptop Bag,22
07/09/2018,Credit  card,School,-21,QAR,-21,QAR,School items ,23
07/09/2018,Cash,Car,-15,QAR,-15,QAR,Puncture ,24
07/09/2018,Cash,Eating out,-3,QAR,-3,QAR,Popcorn ,25
07/09/2018,Credit  card,Mobile,-8,QAR,-8,QAR,App purchase ,26
08/09/2018,Cash,Internet Share ,200,QAR,200,QAR,Internet Share,27
08/09/2018,Cash,Charity,-50,QAR,-50,QAR,Nal kumar,28
08/09/2018,Credit  card,Communications,-500,QAR,-500,QAR,Internet Bill Pay,29
08/09/2018,Cash,Food,-7.5,QAR,-7.5,QAR,Milk,30
08/09/2018,Cash,Food,-2.5,QAR,-2.5,QAR,Snakes ,31
10/09/2018,Cash,Food,-7.5,QAR,-7.5,QAR,Milk,32
12/09/2018,Cash,Food,-8,QAR,-8,QAR,Water,33
12/09/2018,Credit  card,Food,-126.75,QAR,-126.75,QAR,Grocery Grand,34
14/09/2018,Cash,Food,-20,QAR,-20,QAR,Gas Cylinder ,35
14/09/2018,Credit  card,Gifts,-65,QAR,-65,QAR,Clothe for Firoz's Son,36
14/09/2018,Credit  card,House,-79,QAR,-79,QAR,Kettle 79,37
14/09/2018,Credit  card,School,-15,QAR,-15,QAR,Tiffen Box,38
14/09/2018,Credit  card,Mobile,-19,QAR,-19,QAR,Mobile Holder,39
14/09/2018,Credit  card,Food,-3.25,QAR,-3.25,QAR,Chocolate ,40
14/09/2018,Credit  card,Food,-98.3,QAR,-98.3,QAR,Grocery Grand,41
15/09/2018,Cash,To 'Borrowed',-10,QAR,-10,QAR,Sameer Borrowed ,42
15/09/2018,Borrowed,From 'Cash',10,QAR,10,QAR,Sameer Borrowed ,43
16/09/2018,Credit  card,Health,-30,QAR,-30,QAR,Sidra Consultation Fee,44
16/09/2018,Credit  card,Eating out,-49,QAR,-49,QAR,Food MRA,45
16/09/2018,Cash,Gifts,-2,QAR,-2,QAR,Tip,46
16/09/2018,Credit  card,Food,-19.7,QAR,-19.7,QAR,Milk and vegetables ,47
20/09/2018,Credit  card,Health,-18.5,QAR,-18.5,QAR,Medicine Sidra,48
20/09/2018,Cash,Food,-8,QAR,-8,QAR,Water,49
20/09/2018,Cash,Charity,-2,QAR,-2,QAR,Tip,50
21/09/2018,Cash,House,-50,QAR,-50,QAR,Kitchen Appliances ,51
21/09/2018,Cash,Food,-13.5,QAR,-13.5,QAR,Grocery Ezdan,52
22/09/2018,Cash,Voucher ,50,QAR,50,QAR,Gift Voucher Lulu,53
22/09/2018,Credit  card,House,-33,QAR,-33,QAR,Tools,54
22/09/2018,Credit  card,Food,-234.7,QAR,-234.7,QAR,Grocery Lulu,55
22/09/2018,Credit  card,Transport,-1430,QAR,-1430,QAR,Ticket Booked for Father and Mother return,56
22/09/2018,Cash,Toiletry,-30,QAR,-30,QAR,Hair cut ,57
25/09/2018,Cash,Charity,-100,QAR,-100,QAR,Donation CMDRF - Noble,58
25/09/2018,Cash,Food,-9.5,QAR,-9.5,QAR,Milk and Snaks,59
25/09/2018,Cash,Charity,-10,QAR,-10,QAR,Tips Car Wash,60
25/09/2018,Credit  card,Food,-47.25,QAR,-47.25,QAR,Grocery Grand,61
27/09/2018,Cash,Food,-8,QAR,-8,QAR,Water,62
27/09/2018,Cash,Charity,-1,QAR,-1,QAR,Tip,63
27/09/2018,Cash,Food,-7.5,QAR,-7.5,QAR,Milk ,64
27/09/2018,Bank Account,Salary,6263,QAR,6263,QAR,Salary,65
27/09/2018,Bank Account,To 'Credit  card',-3000,QAR,-3000,QAR,Credit card Payment ,66
27/09/2018,Credit  card,From 'Bank Account',3000,QAR,3000,QAR,Credit card Payment ,67
28/09/2018,Credit  card,Clothes,-129.5,QAR,-129.5,QAR,Clothes,68
28/09/2018,Credit  card,Food,-329.2,QAR,-329.2,QAR,Grocery Safari,69
29/09/2018,Credit  card,Eating out,-26,QAR,-26,QAR,Ice cream City centre ,70
29/09/2018,Cash,Food,-8,QAR,-8,QAR,Water,71
30/09/2018,Cash,Other,-9.5,QAR,-9.5,QAR,Other and Correction ,72
01/10/2018,Bank Account,To 'Chitti Nazir',-2000,QAR,-2000,QAR,,73
01/10/2018,Chitti Nazir,From 'Bank Account',2000,QAR,2000,QAR,,74
01/10/2018,Cash,Food,-15,QAR,-15,QAR,Milk ,75
02/10/2018,Cash,Food,-12,QAR,-12,QAR,Fruits,76
02/10/2018,Cash,Food,-7,QAR,-7,QAR,Vegetables,77
02/10/2018,Bank Account,To 'Chitti Jamshad',-500,QAR,-500,QAR,,78
02/10/2018,Chitti Jamshad,From 'Bank Account',500,QAR,500,QAR,,79
03/10/2018,Credit  card,School,-1550,QAR,-1550,QAR,School Fees ,80
03/10/2018,Bank Account,Charity,-500,QAR,-500,QAR,To Liju,81
04/10/2018,Credit  card,Eating out,-57,QAR,-57,QAR,KFC,82
04/10/2018,Cash,Food,-8,QAR,-8,QAR,Water,83
06/10/2018,Credit  card,Mobile,-10,QAR,-10,QAR,Mobile recharge ,84
06/10/2018,Credit  card,House,-65,QAR,-65,QAR,Pillow and shoes,85
06/10/2018,Credit  card,Food,-367.7,QAR,-367.7,QAR,Grocery Lulu,86
07/10/2018,Credit  card,Health,-30,QAR,-30,QAR,Hospital Consultation Fee,87
07/10/2018,Credit  card,Health,-36,QAR,-36,QAR,Medicine Focus,88
07/10/2018,Cash,Food,-8,QAR,-8,QAR,Water,89
08/10/2018,Cash,Food,-19,QAR,-19,QAR,Tea Powder,90
08/10/2018,Bank Account,To 'Cash',-100,QAR,-100,QAR,,91
08/10/2018,Cash,From 'Bank Account',100,QAR,100,QAR,,92
09/10/2018,Bank Account,School,-500,QAR,-500,QAR,Taxi,93
10/10/2018,Cash,Food,-8,QAR,-8,QAR,Water,94
11/10/2018,Credit  card,Food,-219,QAR,-219,QAR,Grocery Safari,95
12/10/2018,Cash,Charity,-2,QAR,-2,QAR,Tip ,96
12/10/2018,Cash,Eating out,-6,QAR,-6,QAR,Tea and Snacks,97
13/10/2018,Cash,Food,-20,QAR,-20,QAR,Gas Cylinder ,98
13/10/2018,Credit  card,Health,-100,QAR,-100,QAR,Hospital Fee,99
14/10/2018,Cash,Food,-8,QAR,-8,QAR,Water,100
15/10/2018,Cash,Internet Share ,100,QAR,100,QAR,,101
17/10/2018,Cash,Food,-8,QAR,-8,QAR,Water,102
17/10/2018,Credit  card,House,-3.65,QAR,-3.65,QAR,Amazon Prime ,103
18/10/2018,Credit  card,Food,-147.15,QAR,-147.15,QAR,Grocery Grand,104
18/10/2018,Cash,Food,-8,QAR,-8,QAR,Milk ,105
20/10/2018,Cash,Eating out,-8,QAR,-8,QAR,Tea Safari,106
20/10/2018,Cash,Food,-7,QAR,-7,QAR,Water,107
20/10/2018,Cash,Food,-6,QAR,-6,QAR,Juice,108
20/10/2018,Cash,Eating out,-5,QAR,-5,QAR,Ice cream  McDonald's ,109
20/10/2018,Credit  card,Food,-221.5,QAR,-221.5,QAR,Grocery Safari,110
20/10/2018,Credit  card,Other,-17,QAR,-17,QAR,Cricket Balls,111
23/10/2018,Cash,Food,-8,QAR,-8,QAR,Water,112
24/10/2018,Credit  card,Food,-49.5,QAR,-49.5,QAR,Grocery Grand,113
24/10/2018,Cash,Food,-1.5,QAR,-1.5,QAR,Juice ,114
25/10/2018,Credit  card,Eating out,-69,QAR,-69,QAR,Food Rotana,115
25/10/2018,Cash,Charity,-5,QAR,-5,QAR,Tip Rotana,116
25/10/2018,Bank Account,To 'Credit  card',-150,QAR,-150,QAR,,117
25/10/2018,Credit  card,From 'Bank Account',150,QAR,150,QAR,,118
26/10/2018,Bank Account,To 'Credit  card',-100,QAR,-100,QAR,,119
26/10/2018,Credit  card,From 'Bank Account',100,QAR,100,QAR,,120
26/10/2018,Cash,Food,-8,QAR,-8,QAR,Orange ,121
26/10/2018,Cash,Food,-4,QAR,-4,QAR,Grocery,122
26/10/2018,Cash,Eating out,-10,QAR,-10,QAR,Tea,123
26/10/2018,Credit  card,Other,-41,QAR,-41,QAR,Purchase Home town,124
26/10/2018,Credit  card,Food,-118.45,QAR,-118.45,QAR,Grocery Safari,125
27/10/2018,Cash,Food,-58,QAR,-58,QAR,Fish ,126
30/10/2018,Bank Account,Salary,6263,QAR,6263,QAR,Salary,127
30/10/2018,Bank Account,To 'Credit  card',-4300,QAR,-4300,QAR,,128
30/10/2018,Credit  card,From 'Bank Account',4300,QAR,4300,QAR,,129
30/10/2018,Credit  card,Food,-143.2,QAR,-143.2,QAR,Grocery Grand,130
30/10/2018,Credit  card,House,-61.5,QAR,-61.5,QAR,Home item's ,131
31/10/2018,Credit  card,Health,-21.24,QAR,-21.24,QAR,Medicine Sidra,132
01/11/2018,Credit  card,Communications,-500,QAR,-500,QAR,Internet Bill Pay,133
01/11/2018,Cash,Eating out,-57,QAR,-57,QAR,Safari Food  Court ,134
01/11/2018,Bank Account,To 'Cash',-700,QAR,-700,QAR,,135
01/11/2018,Cash,From 'Bank Account',700,QAR,700,QAR,,136
01/11/2018,Credit  card,House,-126,QAR,-126,QAR,Safari Clothes ,137
01/11/2018,Credit  card,Food,-227.2,QAR,-227.2,QAR,Grocery Safari,138
01/11/2018,Cash,House,-10,QAR,-10,QAR,,139
02/11/2018,Cash,Entertainment,-4,QAR,-4,QAR,Parking,140
04/11/2018,Cash,Eating out,-10,QAR,-10,QAR,Snacks,141
04/11/2018,Cash,Entertainment,-20,QAR,-20,QAR,Entry Ticket ,142
04/11/2018,Cash,Eating out,-19,QAR,-19,QAR,Ice cream ,143
04/11/2018,Cash,Food,-2.5,QAR,-2.5,QAR,Tomato ,144
04/11/2018,Cash,School,-15,QAR,-15,QAR,Tie ,145
04/11/2018,Bank Account,Other,-310,QAR,-310,QAR,Repayment to Jamsheed ,146
05/11/2018,Credit  card,Clothes,-332.75,QAR,-332.75,QAR,Clothes Ansar galary,147
05/11/2018,Credit  card,House,-93.75,QAR,-93.75,QAR,Home item's ,148
05/11/2018,Credit  card,Food,-109.7,QAR,-109.7,QAR,Grocery Ansar Galary,149
05/11/2018,Credit  card,Gifts,-147.25,QAR,-147.25,QAR,Purchase Home town,150
06/11/2018,Cash,Car,-15,QAR,-15,QAR,Car Wash ,151
07/11/2018,Credit  card,Mobile,-10,QAR,-10,QAR,Mobile recharge ,152
08/11/2018,Credit  card,Food,-157.75,QAR,-157.75,QAR,Grocery Grand,153
08/11/2018,Credit  card,Food,-6.25,QAR,-6.25,QAR,Grocery Grand,154
08/11/2018,Cash,House,-10,QAR,-10,QAR,Tap,155
09/11/2018,Cash,Eating out,-18,QAR,-18,QAR,Nobile Cafeteria,156
09/11/2018,Cash,Food,-20,QAR,-20,QAR,Gas Cylinder ,157
10/11/2018,Cash,Eating out,-3,QAR,-3,QAR,Popcorn ,158
10/11/2018,Cash,Eating out,-10,QAR,-10,QAR,Snacks,159
10/11/2018,Credit  card,Gifts,-156,QAR,-156,QAR,Purchase Home town,160
10/11/2018,Credit  card,House,-22,QAR,-22,QAR,Home item's ,161
11/11/2018,Credit  card,School,-24,QAR,-24,QAR,School items ,162
11/11/2018,Bank Account,To 'Cash',-600,QAR,-600,QAR,,163
11/11/2018,Cash,From 'Bank Account',600,QAR,600,QAR,,164
11/11/2018,Credit  card,Food,-234.95,QAR,-234.95,QAR,Grocery Lulu,165
11/11/2018,Cash,To 'Chitti Jamshad',-500,QAR,-500,QAR,,166
11/11/2018,Chitti Jamshad,From 'Cash',500,QAR,500,QAR,,167
11/11/2018,Cash,Internet Share ,100,QAR,100,QAR,Internet Share,168
12/11/2018,Cash,School,-500,QAR,-500,QAR,Taxi,169
12/11/2018,Credit  card,Mobile,-23.2,QAR,-23.2,QAR,True Caller Purchase ,170
14/11/2018,Cash,Eating out,-27,QAR,-27,QAR,Omlaite and juice ,171
14/11/2018,Cash,Food,-10,QAR,-10,QAR,Milk and Snaks,172
15/11/2018,Cash,Food,-14,QAR,-14,QAR,Milk,173
16/11/2018,Credit  card,Eating out,-92,QAR,-92,QAR,Food MRA,174
16/11/2018,Cash,Charity,-5,QAR,-5,QAR,Tip MRA,175
16/11/2018,Cash,Food,-13,QAR,-13,QAR,Milk at Baladana,176
16/11/2018,Cash,Car,-2,QAR,-2,QAR,Parking Al bida park,177
16/11/2018,Credit  card,House,-55,QAR,-55,QAR,Mic ,178
16/11/2018,Credit  card,Food,-35.25,QAR,-35.25,QAR,Grocery Grand,179
16/11/2018,Credit  card,Food,-36,QAR,-36,QAR,Nestle. Milk powder Baby,180
17/11/2018,Cash,Eating out,-14,QAR,-14,QAR,Snacks ,181
17/11/2018,Credit  card,Food,-268.48,QAR,-268.48,QAR,Grocery Safari,182
17/11/2018,Credit  card,Gifts,-112,QAR,-112,QAR,Purchase Home town,183
17/11/2018,Cash,Toiletry,-30,QAR,-30,QAR,Hair cut ,184
20/11/2018,Cash,Food,-17.5,QAR,-17.5,QAR,Coffee powder and Milk ,185
21/11/2018,Cash,Charity,-10,QAR,-10,QAR,Charity ,186
22/11/2018,Credit  card,Gifts,-163.25,QAR,-163.25,QAR,Purchase Home town,187
22/11/2018,Credit  card,Eating out,-64,QAR,-64,QAR,Dinner  Ansar Galary,188
22/11/2018,Cash,Eating out,-10,QAR,-10,QAR,Dinner  Ansar Galary,189
22/11/2018,Credit  card,Gifts,-55,QAR,-55,QAR,Purchase Home town ,190
22/11/2018,Credit  card,Food,-37.75,QAR,-37.75,QAR,Grocery Ansar Galary,191
22/11/2018,Cash,Entertainment,-2,QAR,-2,QAR,Massage ,192
23/11/2018,Credit  card,Entertainment,-299,QAR,-299,QAR,Mic and Speakers 299,193
23/11/2018,Credit  card,Clothes,-5,QAR,-5,QAR,Clothes,194
23/11/2018,Credit  card,Gifts,-49,QAR,-49,QAR,Purchase Home town ,195
23/11/2018,Bank Account,To 'Cash',-200,QAR,-200,QAR,,196
23/11/2018,Cash,From 'Bank Account',200,QAR,200,QAR,,197
23/11/2018,Cash,Eating out,-16,QAR,-16,QAR,Snacks ,198
23/11/2018,Credit  card,Gifts,-100.5,QAR,-100.5,QAR,Purchase Home town ,199
23/11/2018,Credit  card,Gifts,-500,QAR,-500,QAR,Gold purchase Alukkas ,200
23/11/2018,Bank Account,Gifts,-1885,QAR,-1885,QAR,Gold purchase Alukkas ,201
23/11/2018,Credit  card,House,-17,QAR,-17,QAR,Toy,202
23/11/2018,Cash,Clothes,-160,QAR,-160,QAR,Pardha,203
23/11/2018,Chitti Nazir,To 'Bank Account',-13000,QAR,-13000,QAR,,204
23/11/2018,Bank Account,From 'Chitti Nazir',13000,QAR,13000,QAR,,205
24/11/2018,Cash,Food,-33.5,QAR,-33.5,QAR,Fish from market,206
24/11/2018,Credit  card,Car,-12,QAR,-12,QAR,Airport Parking,207
24/11/2018,Credit  card,Gifts,-23,QAR,-23,QAR,Purchase Home town Grand,208
24/11/2018,Cash,Charity,-10,QAR,-10,QAR,Charity  Donation,209
24/11/2018,Bank Account,To 'Credit  card',-3050,QAR,-3050,QAR,,210
24/11/2018,Credit  card,From 'Bank Account',3050,QAR,3050,QAR,,211
24/11/2018,Credit  card,Food,-167.25,QAR,-167.25,QAR,Grocery Lulu,212
26/11/2018,Credit  card,Health,-50,QAR,-50,QAR,Sidra Consultation Fee,213
28/11/2018,Bank Account,Salary,6263,QAR,6263,QAR,Salary,214
29/11/2018,Credit  card,Work,-5,QAR,-5,QAR,Domain Purchase ,215
29/11/2018,Credit  card,Mobile,-10,QAR,-10,QAR,Mobile recharge ,216
30/11/2018,Credit  card,Food,-58.1,QAR,-58.1,QAR,Grocery Grand,217
30/11/2018,Cash,Food,-6,QAR,-6,QAR,Grocery Ezdan ,218
02/12/2018,Bank Account,To 'Cash',-14500,QAR,-14500,QAR,,219
02/12/2018,Cash,From 'Bank Account',14500,QAR,14500,QAR,,220
02/12/2018,Cash,To 'NRI Account',-10525,QAR,-10525,QAR,,221
02/12/2018,NRI Account,From 'Cash',199999.996,INR,10525,QAR,,222
02/12/2018,Cash,Bills,-15,QAR,-15,QAR,Commission Money Exchange ,223
02/12/2018,Credit  card,Food,-204.15,QAR,-204.15,QAR,Grocery Lulu,224
02/12/2018,Credit  card,House,-669,QAR,-669,QAR,Microwave woven ,225
02/12/2018,Credit  card,House,-25,QAR,-25,QAR,Plate for oven,226
03/12/2018,Cash,To 'Chitti Jamshad',-500,QAR,-500,QAR,,227
03/12/2018,Chitti Jamshad,From 'Cash',500,QAR,500,QAR,,228
04/12/2018,Cash,Eating out,-14,QAR,-14,QAR,Snacks Star Burger ,229
04/12/2018,Cash,Health,-30,QAR,-30,QAR,Sidra Consultation Fee,230
04/12/2018,Credit  card,Health,-43,QAR,-43,QAR,Medicine Sidra,231
04/12/2018,Cash,To 'Chitti Nazir',-2000,QAR,-2000,QAR,,232
04/12/2018,Chitti Nazir,From 'Cash',2000,QAR,2000,QAR,,233
06/12/2018,Cash,Eating out,-1,QAR,-1,QAR,Snacks Sidra,234
06/12/2018,Credit  card,Health,-30,QAR,-30,QAR,Sidra Consultation Fee,235
06/12/2018,Credit  card,Eating out,-54,QAR,-54,QAR,Food MRA,236
06/12/2018,Cash,Gifts,-5,QAR,-5,QAR,Tip MRA,237
06/12/2018,Credit  card,Food,-66.75,QAR,-66.75,QAR,Grocery Grand,238
08/12/2018,Cash,Food,-35,QAR,-35,QAR,Fish from market,239
09/12/2018,Cash,Food,-10,QAR,-10,QAR,Milk and Snaks,240
09/12/2018,Cash,School,-500,QAR,-500,QAR,Taxi,241
09/12/2018,Cash,Internet Share ,100,QAR,100,QAR,Internet Share,242
11/12/2018,Credit  card,Food,-436.15,QAR,-436.15,QAR,Grocery Safari,243
11/12/2018,Cash,Eating out,-25,QAR,-25,QAR,Safari Food  Court ,244
14/12/2018,Cash,Food,-20,QAR,-20,QAR,Gas Cylinder ,245
18/12/2018,Credit  card,Eating out,-10,QAR,-10,QAR,Juice and Snacks Grand,246
20/12/2018,Credit  card,Food,-177.85,QAR,-177.85,QAR,Grocery Safari,247
20/12/2018,Credit  card,Food,-25.25,QAR,-25.25,QAR,Grocery Safari,248
20/12/2018,NRI Account,To 'Jamshad',-23500,INR,-1236.57,QAR,Lending ,249
20/12/2018,Jamshad,From 'NRI Account',23500,INR,1236.57,QAR,Lending ,250
20/12/2018,NRI Account,Charity,-2000,INR,-105.24,QAR,Charity  Donation,251
20/12/2018,NRI Account,Bills,-2250,INR,-118.395,QAR,Repayment to Uppa,252
20/12/2018,NRI Account,Charity,-26000,INR,-1368.12,QAR,Zakath for 2018,253
21/12/2018,Cash,Eating out,-32,QAR,-32,QAR,Safari Food  Court ,254
21/12/2018,Cash,Food,-17.5,QAR,-17.5,QAR,Grocery Ezdan,255
24/12/2018,Credit  card,Mobile,-10,QAR,-10,QAR,Mobile recharge ,256
24/12/2018,Cash,School,-2,QAR,-2,QAR,Photo Copy,257
25/12/2018,NRI Account,Other,-8500,INR,-447.27,QAR,Aqeeqa,258
26/12/2018,NRI Account,Other,-3000,INR,-157.86,QAR,Sudheerka Donation ,259
26/12/2018,Credit  card,Food,-164,QAR,-164,QAR,Grocery Lulu,260
26/12/2018,Credit  card,Eating out,-42,QAR,-42,QAR,KFC,261
26/12/2018,Cash,Other,-25,QAR,-25,QAR,Photo Dubai Studio ,262
27/12/2018,Cash,Other,-8,QAR,-8,QAR,Photo Copy Embassy ,263
29/12/2018,Cash,Car,-15,QAR,-15,QAR,Car Wash ,264
29/12/2018,Badusha,Initial balance 'Badusha',10000,INR,526.2,QAR,,265
29/12/2018,Sakeer,Initial balance 'Sakeer',10000,INR,526.2,QAR,,266
30/12/2018,NRI Account,Charity,-2000,INR,-105.24,QAR,Yahiya Donation,267
30/12/2018,Bank Account,Salary,6263,QAR,6263,QAR,Salary,268
30/12/2018,Bank Account,To 'Credit  card',-3753,QAR,-3753,QAR,,269
30/12/2018,Credit  card,From 'Bank Account',3753,QAR,3753,QAR,,270
31/12/2018,Cash,Other,-20,QAR,-20,QAR,Passport Form fill,271
31/12/2018,Cash,Other,-14,QAR,-14,QAR,Photo Copy Embassy ,272
31/12/2018,Cash,Other,-46,QAR,-46,QAR,Certificate attestation Embassy ,273
01/01/2019,Credit  card,Communications,-500,QAR,-500,QAR,Ooreedoo Bill,274
01/01/2019,Cash,Other,-192,QAR,-192,QAR,Passport Renewal,275
01/01/2019,Credit  card,Food,-72,QAR,-72,QAR,Grocery Grand,276
03/01/2019,Credit  card,Food,-107.5,QAR,-107.5,QAR,Grocery Safari,277
03/01/2019,Bank Account,To 'Cash',-2500,QAR,-2500,QAR,,278
03/01/2019,Cash,From 'Bank Account',2500,QAR,2500,QAR,,279
03/01/2019,Cash,To 'Chitti Nazir',-1500,QAR,-1500,QAR,Nazi,280
03/01/2019,Chitti Nazir,From 'Cash',1500,QAR,1500,QAR,Nazi,281
03/01/2019,Cash,To 'Chitti Ashraf',-1000,QAR,-1000,QAR,,282
03/01/2019,Chitti Ashraf,From 'Cash',1000,QAR,1000,QAR,,283
03/01/2019,Cash,Eating out,-12,QAR,-12,QAR,Shawarma,284
03/01/2019,Cash,Eating out,-21,QAR,-21,QAR,Safari Food  Court ,285
04/01/2019,Cash,To 'Chitti Jamshad',-500,QAR,-500,QAR,,286
04/01/2019,Chitti Jamshad,From 'Cash',500,QAR,500,QAR,,287
05/01/2019,Credit  card,School,-1550,QAR,-1550,QAR,School Fees ,288
05/01/2019,Credit  card,Clothes,-82,QAR,-82,QAR,Shoes and Chappell ,289
05/01/2019,Credit  card,Food,-91.65,QAR,-91.65,QAR,Grocery Safari,290
05/01/2019,Credit  card,Food,-12.3,QAR,-12.3,QAR,Grocery Safari,291
05/01/2019,Credit  card,Gold Purchase,-495,QAR,-495,QAR,Gold purchase Alukkas Diya,292
05/01/2019,Credit  card,Voucher ,40,QAR,40,QAR,Safari Card,293
09/01/2019,Credit  card,Food,-151.7,QAR,-151.7,QAR,Grocery Lulu,294
09/01/2019,Credit  card,House,-15,QAR,-15,QAR,Matt ,295
09/01/2019,Bank Account,To 'Cash',-50,QAR,-50,QAR,ATM Withdrawal,296
09/01/2019,Cash,From 'Bank Account',50,QAR,50,QAR,ATM Withdrawal,297
10/01/2019,Borrowed,Browed,250,QAR,250,QAR,Borrowed From Sameer,298
10/01/2019,Borrowed,To 'Cash',-250,QAR,-250,QAR,,299
10/01/2019,Cash,From 'Borrowed',250,QAR,250,QAR,,300
10/01/2019,Cash,School,-300,QAR,-300,QAR,Taxi(275 is actual),301
15/01/2019,Cash,Food,-9,QAR,-9,QAR,Milk and vegetables Ezdan,302
16/01/2019,Credit  card,Clothes,-50,QAR,-50,QAR,Safari Clothes ,303
16/01/2019,Credit  card,Food,-225.05,QAR,-225.05,QAR,Grocery Safari,304
16/01/2019,Credit  card,Food,-12.5,QAR,-12.5,QAR,Grocery Safari,305
18/01/2019,Credit  card,Work,-41,QAR,-41,QAR,Android Course Udemy,306
19/01/2019,Credit  card,Clothes,-187,QAR,-187,QAR,Clothes Lulu,307
19/01/2019,Credit  card,Eating out,-9.5,QAR,-9.5,QAR,Snacks Lulu,308
19/01/2019,Borrowed,Browed,24,QAR,24,QAR,Borrowed From Jameer for fish,309
19/01/2019,Borrowed,Food,-24,QAR,-24,QAR,Fish from market,310
20/01/2019,Credit  card,Food,-13,QAR,-13,QAR,Milk ,311
25/01/2019,Credit  card,Food,-16.75,QAR,-16.75,QAR,Milk and Snaks,312
26/01/2019,Credit  card,House,-656,QAR,-656,QAR,599+22+10+25,313
26/01/2019,Credit  card,Clothes,-23,QAR,-23,QAR,Safari Clothes ,314
26/01/2019,Credit  card,Food,-233.4,QAR,-233.4,QAR,Grocery Safari 207.40+26,315
26/01/2019,Credit  card,Health,-11.3,QAR,-11.3,QAR,Medicine Safari,316
26/01/2019,Cash,Eating out,-37,QAR,-37,QAR,Safari Food  Court ,317
26/01/2019,Cash,House,-30,QAR,-30,QAR,Hair cut ,318
26/01/2019,Cash,Internet Share ,100,QAR,100,QAR,Internet Share,319
27/01/2019,Cash,Health,-5,QAR,-5,QAR,Medicine Hamad,320
27/01/2019,Cash,To 'Bank Account',-13.5,QAR,-13.5,QAR,Correction,321
27/01/2019,Bank Account,From 'Cash',13.5,QAR,13.5,QAR,Correction,322
29/01/2019,Cash,Food,-20,QAR,-20,QAR,Gas Cylinder ,323
30/01/2019,Cash,Gifts,-5,QAR,-5,QAR,Sanooka,324
30/01/2019,Bank Account,Salary,9195,QAR,9195,QAR,Salary,325
30/01/2019,Bank Account,To 'Credit  card',-3800,QAR,-3800,QAR,,326
30/01/2019,Credit  card,From 'Bank Account',3800,QAR,3800,QAR,,327
31/01/2019,Credit  card,Health,-11,QAR,-11,QAR,Medicine PHCC,328
31/01/2019,Credit  card,Health,-100,QAR,-100,QAR,Health Card Renewal,329
31/01/2019,Cash,House,-15,QAR,-15,QAR,Battery Smart Watch ,330
31/01/2019,Credit  card,Eating out,-12,QAR,-12,QAR,Grand Food,331
31/01/2019,Credit  card,To 'Cash',-30,QAR,-30,QAR,Borrowed Credit Card,332
31/01/2019,Cash,From 'Credit  card',30,QAR,30,QAR,Borrowed Credit Card,333
01/02/2019,Cash,Food,-8,QAR,-8,QAR,Milk ,334
02/02/2019,Credit  card,Mobile,-10,QAR,-10,QAR,Mobile recharge ,335
02/02/2019,Credit  card,Food,-39,QAR,-39,QAR,Grocery Grand,336
02/02/2019,Credit  card,Food,-249.65,QAR,-249.65,QAR,Grocery Lulu,337
02/02/2019,Credit  card,Food,-54.55,QAR,-54.55,QAR,Grocery Lulu,338
02/02/2019,Bank Account,To 'Cash',-1700,QAR,-1700,QAR,,339
02/02/2019,Cash,From 'Bank Account',1700,QAR,1700,QAR,,340
06/02/2019,Credit  card,Food,-13,QAR,-13,QAR,Milk Grand,341
07/02/2019,Cash,Eating out,-27,QAR,-27,QAR,Food Biathal meshaf,342
07/02/2019,Cash,To 'Chitti Jamshad',-500,QAR,-500,QAR,,343
07/02/2019,Chitti Jamshad,From 'Cash',500,QAR,500,QAR,,344
08/02/2019,Credit  card,Communications,-500,QAR,-500,QAR,Internet Bill Pay,345
09/02/2019,Credit  card,House,-149,QAR,-149,QAR,Vacuum cleaner Safari ,346
09/02/2019,Credit  card,House,-64.75,QAR,-64.75,QAR,Misc,347
09/02/2019,Credit  card,Clothes,-60,QAR,-60,QAR,Safari Clothes ,348
09/02/2019,Credit  card,Food,-166.25,QAR,-166.25,QAR,Grocery Safari ,349
09/02/2019,Bank Account,To 'Chitti Nazir',-2500,QAR,-2500,QAR,,350
09/02/2019,Chitti Nazir,To 'Cash',-12500,QAR,-12500,QAR,,351
09/02/2019,Chitti Nazir,From 'Bank Account',2500,QAR,2500,QAR,,352
09/02/2019,Cash,From 'Chitti Nazir',12500,QAR,12500,QAR,,353
11/02/2019,Cash,Food,-10,QAR,-10,QAR,Milk and Snaks,354
11/02/2019,Chitti Nazir,To 'Bank Account',-2500,QAR,-2500,QAR,,355
11/02/2019,Bank Account,From 'Chitti Nazir',2500,QAR,2500,QAR,,356
11/02/2019,Cash,School,-475,QAR,-475,QAR,Taxi,357
11/02/2019,Cash,To 'Chitti Ashraf',-1000,QAR,-1000,QAR,,358
11/02/2019,Chitti Ashraf,From 'Cash',1000,QAR,1000,QAR,,359
11/02/2019,Credit  card,Other,-200,QAR,-200,QAR,Credit Yearly Charges ,360
13/02/2019,Credit  card,Health,-100,QAR,-100,QAR,Catheter Sidra,361
13/02/2019,Credit  card,Food,-13,QAR,-13,QAR,Milk,362
13/02/2019,Cash,Internet Share ,100,QAR,100,QAR,Internet Share,363
15/02/2019,Cash,Food,-9,QAR,-9,QAR,Grocery Ezdan ,364
15/02/2019,Credit  card,Other,-50,QAR,-50,QAR,As per statement ,365
16/02/2019,Credit  card,Food,-262.7,QAR,-262.7,QAR,Grocery Lulu,366
16/02/2019,Cash,Eating out,-32,QAR,-32,QAR,KFC,367
16/02/2019,Cash,Car,-15,QAR,-15,QAR,Car Wash ,368
16/02/2019,Cash,Eating out,-8,QAR,-8,QAR,Snaks Star Burger ,369
18/02/2019,Borrowed,Other,-250,QAR,-250,QAR,Return to Sameer,370
18/02/2019,Cash,School,-30,QAR,-30,QAR,Class Photo,371
19/02/2019,Cash,Eating out,-15,QAR,-15,QAR,BBQ Kottaram,372
19/02/2019,Credit  card,Health,-11.11,QAR,-11.11,QAR,Medicine Sidra,373
19/02/2019,Cash,To 'Borrowed',-250,QAR,-250,QAR,Sameer Borrowed Return ,374
19/02/2019,Borrowed,From 'Cash',250,QAR,250,QAR,Sameer Borrowed Return ,375
20/02/2019,Cash,School,-150,QAR,-150,QAR,Graduations Day Fee,376
21/02/2019,Credit  card,Clothes,-247,QAR,-247,QAR,Clothes Lulu,377
23/02/2019,Cash,Food,-3,QAR,-3,QAR,Yogurt Grocery ,378
24/02/2019,Cash,Health,-200,QAR,-200,QAR,Health Card Renewal,379
24/02/2019,Cash,Car,-20,QAR,-20,QAR,Petrol ,380
25/02/2019,Cash,Food,-8,QAR,-8,QAR,Milk Grocery ,381
26/02/2019,Credit  card,Food,-156.8,QAR,-156.8,QAR,Grocery  Grand,382
26/02/2019,Credit  card,Mobile,-60,QAR,-60,QAR,Surface Case,383
27/02/2019,Bank Account,Salary,24207,QAR,24207,QAR,Salary,384
27/02/2019,Bank Account,To 'Credit  card',-3230,QAR,-3230,QAR,Credit card Payment ,385
27/02/2019,Credit  card,From 'Bank Account',3230,QAR,3230,QAR,Credit card Payment ,386
28/02/2019,Cash,Health,-5,QAR,-5,QAR,Medicine Hamad,387
01/03/2019,Credit  card,Entertainment,-2699,QAR,-2699,QAR,Camera Purchase ,388
01/03/2019,Credit  card,Food,-251.95,QAR,-251.95,QAR,Grocery Lulu,389
04/03/2019,Cash,Health,-5,QAR,-5,QAR,Medicine Hamad,390
06/03/2019,Credit  card,Mobile,-10,QAR,-10,QAR,Mobile recharge ,391
06/03/2019,Cash,To 'Chitti Jamshad',-500,QAR,-500,QAR,,392
06/03/2019,Chitti Jamshad,From 'Cash',500,QAR,500,QAR,,393
07/03/2019,Cash,Eating out,-30,QAR,-30,QAR,Shawarma,394
07/03/2019,Credit  card,Food,-76,QAR,-76,QAR,Grocery Grand,395
07/03/2019,Credit  card,House,-100,QAR,-100,QAR,ID Card Passport details change ,396
07/03/2019,Cash,To 'Chitti Ashraf',-1000,QAR,-1000,QAR,,397
07/03/2019,Chitti Ashraf,From 'Cash',1000,QAR,1000,QAR,,398
08/03/2019,Cash,Eating out,-14,QAR,-14,QAR,Grocery Ezdan Disposable plates,399
09/03/2019,Credit  card,Eating out,-63,QAR,-63,QAR,KFC,400
09/03/2019,Credit  card,Food,-60,QAR,-60,QAR,Grocery Carrefour ,401
10/03/2019,Cash,School,-500,QAR,-500,QAR,Taxi,402
10/03/2019,Cash,To 'Chitti Nazir',-2000,QAR,-2000,QAR,Chitti200,403
10/03/2019,Chitti Nazir,From 'Cash',2000,QAR,2000,QAR,Chitti200,404
11/03/2019,Credit  card,Gifts,-10,QAR,-10,QAR,Gift,405
11/03/2019,Credit  card,Food,-127.75,QAR,-127.75,QAR,Grocery Grand ,406
12/03/2019,Cash,Food,-20,QAR,-20,QAR,Grocery Ezdan shabana,407
13/03/2019,Cash,Food,-20,QAR,-20,QAR,Gas Cylinder ,408
14/03/2019,Cash,Clothes,-55,QAR,-55,QAR,Safari Clothes ,409
14/03/2019,Credit  card,Clothes,-45,QAR,-45,QAR,Safari Clothes ,410
14/03/2019,Credit  card,Food,-226.35,QAR,-226.35,QAR,Grocery Safari ,411
14/03/2019,Credit  card,Eating out,-64,QAR,-64,QAR,Food Rotana,412
15/03/2019,Cash,Food,-5,QAR,-5,QAR,Grocery Ezdan Coriander and Pothena,413
15/03/2019,Cash,Internet Share ,100,QAR,100,QAR,Internet Share,414
15/03/2019,Cash,Food,-5,QAR,-5,QAR,Grocery Ezdan ,415
16/03/2019,Cash,Car,-6,QAR,-6,QAR,Parking City centre ,416
16/03/2019,Cash,Eating out,-6,QAR,-6,QAR,Ice cream  McDonald's ,417
16/03/2019,Cash,Eating out,-15,QAR,-15,QAR,Omlaite ,418
16/03/2019,Cash,Entertainment,-20,QAR,-20,QAR,Alkhor park entry ,419
19/03/2019,Cash,House,-170,QAR,-170,QAR,Return To Jojo,420
19/03/2019,Credit  card,Food,-150.75,QAR,-150.75,QAR,Grocery  Grand,421
20/03/2019,Cash,Food,-10,QAR,-10,QAR,Grocery Ezdan Milk Binu,422
20/03/2019,Cash,School,-230,QAR,-230,QAR,Taxi Fare,423
21/03/2019,Cash,Clothes,-20,QAR,-20,QAR,Fancy items Diya Lulu ,424
21/03/2019,Cash,Eating out,-11,QAR,-11,QAR,Tea and Snacks Souq,425
21/03/2019,Cash,Car,-15,QAR,-15,QAR,Car Wash ,426
21/03/2019,Credit  card,Eating out,-61,QAR,-61,QAR,KFC,427
21/03/2019,Credit  card,Food,-73.55,QAR,-73.55,QAR,Grocery lulu ,428
21/03/2019,Bank Account,To 'Credit  card',-4210,QAR,-4210,QAR,Credit card Payment ,429
21/03/2019,Credit  card,From 'Bank Account',4210,QAR,4210,QAR,Credit card Payment ,430
22/03/2019,Cash,Food,-5,QAR,-5,QAR,Grocery Ezdan Coriander and Pothena,431
24/03/2019,Credit  card,School,-3650,QAR,-3650,QAR,School Fees +Transport ,432
24/03/2019,Credit  card,Food,-139.5,QAR,-139.5,QAR,Grocery Safari,433
26/03/2019,Credit  card,Car,-250,QAR,-250,QAR,Licence Renewal ,434
27/03/2019,Cash,Health,-10,QAR,-10,QAR,Medicine Hamad,435
28/03/2019,Bank Account,Salary,6957,QAR,6957,QAR,Salary ,436
29/03/2019,Credit  card,Gifts,-137.75,QAR,-137.75,QAR,Things to hometown 103.75+34,437
29/03/2019,Cash,Eating out,-34,QAR,-34,QAR,Baithal meshawi parcel,438
29/03/2019,Cash,Car,-6,QAR,-6,QAR,Parking Airport ,439
29/03/2019,Credit  card,House,-154.25,QAR,-154.25,QAR,Toys and Misc,440
29/03/2019,Credit  card,Gifts,-95,QAR,-95,QAR,Toy Car Ayan,441
30/03/2019,Credit  card,Food,-59.85,QAR,-59.85,QAR,Grocery Grand ,442
01/04/2019,Cash,School,-170,QAR,-170,QAR,Uniform 2 shirt and 2 Pants ,443
01/04/2019,Credit  card,Health,-50,QAR,-50,QAR,Sidra Ultra Sound ,444
01/04/2019,Credit  card,Eating out,-59,QAR,-59,QAR,Food MRA,445
01/04/2019,Credit  card,House,-30,QAR,-30,QAR,Watch Max,446
01/04/2019,Credit  card,School,-99.5,QAR,-99.5,QAR,Lulu bag and school things ,447
01/04/2019,Credit  card,Food,-334.95,QAR,-334.95,QAR,Grocery lulu ,448
01/04/2019,Credit  card,Health,-16,QAR,-16,QAR,Tape Pharmacy ,449
01/04/2019,Cash,To 'Chitti Jamshad',-500,QAR,-500,QAR,,450
01/04/2019,Bank Account,To 'Credit  card',-2000,QAR,-2000,QAR,,451
01/04/2019,Chitti Jamshad,From 'Cash',500,QAR,500,QAR,,452
01/04/2019,Credit  card,From 'Bank Account',2000,QAR,2000,QAR,,453
02/04/2019,Credit  card,Entertainment,-118.12,QAR,-118.12,QAR,Tripod ,454
03/04/2019,Credit  card,Communications,-697,QAR,-697,QAR,Ooreedoo Bill,455
04/04/2019,Credit  card,Food,-16,QAR,-16,QAR,Grocery Grand ,456
05/04/2019,Cash,House,-30,QAR,-30,QAR,Hair cut ,457
05/04/2019,Cash,To 'Chitti Nazir',-2000,QAR,-2000,QAR,April ,458
05/04/2019,Cash,To 'Chitti Ashraf',-1000,QAR,-1000,QAR,April ,459
05/04/2019,Chitti Nazir,From 'Cash',2000,QAR,2000,QAR,April ,460
05/04/2019,Chitti Ashraf,From 'Cash',1000,QAR,1000,QAR,April ,461
07/04/2019,Credit  card,Food,-40.5,QAR,-40.5,QAR,Grocery Grand ,462
09/04/2019,Credit  card,Health,-30,QAR,-30,QAR,Sidra Consultation Fee,463
09/04/2019,Credit  card,Eating out,-64,QAR,-64,QAR,Zaitoon restaurant ,464
12/04/2019,Cash,Food,-3.5,QAR,-3.5,QAR,Grocery Ezdan,465
12/04/2019,Cash,Gold Purchase,-128,QAR,-128,QAR,Gold Purchase Akshaya,466
12/04/2019,Bank Account,Gold Purchase,-1100,QAR,-1100,QAR,Gold Purchase Akshaya,467
12/04/2019,Credit  card,Food,-326.25,QAR,-326.25,QAR,Grocery lulu ,468
13/04/2019,Cash,School,-160,QAR,-160,QAR,Blazers ,469
13/04/2019,Cash,Eating out,-17,QAR,-17,QAR,Safari Food  Court ,470
13/04/2019,Credit  card,Food,-92.15,QAR,-92.15,QAR,Grocery Safari ,471
13/04/2019,Credit  card,Health,-11.3,QAR,-11.3,QAR,Wellcare Pharmacy Safari ,472
17/04/2019,Cash,School,-50,QAR,-50,QAR,Tour fee,473
19/04/2019,Cash,Food,-6.5,QAR,-6.5,QAR,Grocery Ezdan ,474
20/04/2019,Cash,School,-150,QAR,-150,QAR,Madrasa Fee,475
20/04/2019,Credit  card,Food,-20,QAR,-20,QAR,Grocery Grand ,476
21/04/2019,Cash,Eating out,-7,QAR,-7,QAR,Food court Safari ,477
21/04/2019,Cash,Gifts,-3,QAR,-3,QAR,Tip Rotana,478
21/04/2019,Bank Account,To 'Credit  card',-4759.74,QAR,-4759.74,QAR,Credit card Payment ,479
21/04/2019,Credit  card,From 'Bank Account',4759.74,QAR,4759.74,QAR,Credit card Payment ,480
21/04/2019,Credit  card,Health,-30,QAR,-30,QAR,Sidra Consultation Fee,481
21/04/2019,Credit  card,Health,-63.52,QAR,-63.52,QAR,Medicine Sidra,482
21/04/2019,Credit  card,Car,-100,QAR,-100,QAR,Accident fine ,483
21/04/2019,Credit  card,Eating out,-39,QAR,-39,QAR,Food Rotana,484
21/04/2019,Cash,Gifts,-3,QAR,-3,QAR,Tip Rotana,485
21/04/2019,Credit  card,House,-109,QAR,-109,QAR,Sugar Checker,486
21/04/2019,Credit  card,Food,-120.65,QAR,-120.65,QAR,Grocery Safari ,487
25/04/2019,Credit  card,Food,-91.15,QAR,-91.15,QAR,Grocery Grand ,488
27/04/2019,Credit  card,Food,-114.6,QAR,-114.6,QAR,Grocery Safari 106.10+8.50,489
27/04/2019,Cash,Eating out,-14,QAR,-14,QAR,Food court Safari ,490
27/04/2019,Cash,Food,-5,QAR,-5,QAR,Grocery Ezdan,491
27/04/2019,Cash,Food,-42,QAR,-42,QAR,Fish from market,492
27/04/2019,Cash,To 'Borrowed',-24,QAR,-24,QAR,To jameer,493
27/04/2019,Borrowed,From 'Cash',24,QAR,24,QAR,To jameer,494
29/04/2019,Bank Account,Salary,6957,QAR,6957,QAR,Salary ,495
29/04/2019,Cash,House,-500,QAR,-500,QAR,Water Purifier ,496
29/04/2019,Cash,Gifts,-20,QAR,-20,QAR,Tip for Water Purifier Installation ,497
01/05/2019,Credit  card,School,-16.5,QAR,-16.5,QAR,School items ,498
02/05/2019,Credit  card,Food,-350.6,QAR,-350.6,QAR,Grocery lulu ,499
02/05/2019,Credit  card,Eating out,-42,QAR,-42,QAR,KFC ,500
03/05/2019,Cash,To 'Chitti Jamshad',-500,QAR,-500,QAR,Chitti,501
03/05/2019,Chitti Jamshad,From 'Cash',500,QAR,500,QAR,Chitti,502
10/05/2019,Cash,Eating out,-28,QAR,-28,QAR,BBQ Kottaram,503
10/05/2019,Cash,Charity,-20,QAR,-20,QAR,Charity AMJ,504
10/05/2019,Credit  card,Food,-124.35,QAR,-124.35,QAR,101.35+23 Grocery Grand ,505
10/05/2019,Credit  card,Clothes,-328.25,QAR,-328.25,QAR,Dress Lulu ,506
10/05/2019,Credit  card,Food,-11,QAR,-11,QAR,Grocery lulu ,507
10/05/2019,Cash,To 'Chitti Ashraf',-1000,QAR,-1000,QAR,May,508
10/05/2019,Chitti Ashraf,From 'Cash',1000,QAR,1000,QAR,May,509
11/05/2019,Credit  card,Entertainment,-140,QAR,-140,QAR,Amir Cup ticket 7 nos,510
11/05/2019,Cash,Charity,-200,QAR,-200,QAR,Charity  Donation(c\o Afsalkka),511
13/05/2019,Cash,Eating out,-89,QAR,-89,QAR,Ifthar Ezma,512
13/05/2019,Credit  card,Clothes,-129,QAR,-129,QAR,Dress Max,513
15/05/2019,Cash,Eating out,-20,QAR,-20,QAR,Food al wakra ,514
15/05/2019,Cash,Eating out,-5,QAR,-5,QAR,Porratta Baithal meshawi,515
15/05/2019,Cash,Health,-7,QAR,-7,QAR,Medicine Hamad,516
16/05/2019,Cash,Eating out,-12,QAR,-12,QAR,Biriyani Baithal meshawi ,517
16/05/2019,Cash,Eating out,-14,QAR,-14,QAR,Wheet dosa and chicken,518
17/05/2019,Cash,Browed,120,QAR,120,QAR,Refund AMir cup ticket,519
17/05/2019,Credit  card,Health,-217.84,QAR,-217.84,QAR,Sidra discharge 2 days,520
17/05/2019,Credit  card,Clothes,-123,QAR,-123,QAR,Cloths Max,521
17/05/2019,Sakeer,To 'Cash',-10000,INR,-526.2,QAR,500 riyal ,522
17/05/2019,Cash,From 'Sakeer',526.2,QAR,526.2,QAR,500 riyal ,523
18/05/2019,Cash,Charity,-100,QAR,-100,QAR,CHARITY Azhar mama,524
18/05/2019,Cash,Entertainment,-10,QAR,-10,QAR,Metro tickets,525
18/05/2019,Cash,Other,-20,QAR,-20,QAR,To sakeer ,526
18/05/2019,Cash,Food,-8,QAR,-8,QAR,Grocery ,527
18/05/2019,Credit  card,Mobile,-10,QAR,-10,QAR,Ooreedoo Recharge ,528
18/05/2019,Credit  card,Food,-154.9,QAR,-154.9,QAR,Grocery Ansar Galary,529
19/05/2019,Credit  card,Clothes,-225,QAR,-225,QAR,Clothes Ansar galary(Shabana),530
20/05/2019,Credit  card,Mobile,-15,QAR,-15,QAR,App Renewal ,531
22/05/2019,Credit  card,Health,-120,QAR,-120,QAR,Catheter Sidra(120 Nos),532
24/05/2019,Credit  card,Food,-400,QAR,-400,QAR,Grocery lulu ,533
27/05/2019,Bank Account,To 'Cash',-2500,QAR,-2500,QAR,,534
27/05/2019,Cash,From 'Bank Account',2500,QAR,2500,QAR,,535
27/05/2019,Cash,To 'Chitti Nazir',-2000,QAR,-2000,QAR,May,536
27/05/2019,Chitti Nazir,From 'Cash',2000,QAR,2000,QAR,May,537
27/05/2019,Cash,To 'Borrowed',-1000,QAR,-1000,QAR,Nazi0,538
27/05/2019,Borrowed,From 'Cash',1000,QAR,1000,QAR,Nazi0,539
27/05/2019,Cash,Food,-7,QAR,-7,QAR,Grocery Ezdan,540
27/05/2019,Credit  card,Health,-150,QAR,-150,QAR,Sidra Ultra Sound and Nuclear medicine ,541
28/05/2019,Bank Account,To 'Borrowed',-1500,QAR,-1500,QAR,Rinu15,542
28/05/2019,Borrowed,From 'Bank Account',1500,QAR,1500,QAR,Rinu15,543
29/05/2019,Bank Account,Salary,6954,QAR,6954,QAR,Salary ,544
29/05/2019,Cash,Food,-4,QAR,-4,QAR,Grocery Ezdan Milk,545
30/05/2019,Credit  card,Communications,-300,QAR,-300,QAR,Ooreedoo Bill,546
30/05/2019,Bank Account,To 'Credit  card',-2000,QAR,-2000,QAR,Credit card Payment ,547
30/05/2019,Credit  card,From 'Bank Account',2000,QAR,2000,QAR,Credit card Payment ,548
31/05/2019,Cash,House,-400,QAR,-400,QAR,Water Purifier 2nd Installment ,549
31/05/2019,Credit  card,Food,-139.4,QAR,-139.4,QAR,Grocery lulu ,550
31/05/2019,Bank Account,To 'Cash',-500,QAR,-500,QAR,Cash withdrawal,551
31/05/2019,Cash,From 'Bank Account',500,QAR,500,QAR,Cash withdrawal,552
02/06/2019,Borrowed,To 'Chitti Ashraf',-1000,QAR,-1000,QAR,,553
02/06/2019,Chitti Ashraf,From 'Borrowed',1000,QAR,1000,QAR,,554
02/06/2019,Cash,Charity,-60,QAR,-60,QAR,Fither zakat ,555
02/06/2019,Credit  card,Clothes,-169,QAR,-169,QAR,Dress Grand ,556
02/06/2019,Credit  card,House,-37.5,QAR,-37.5,QAR,Gift and clothes ,557
03/06/2019,Credit  card,Clothes,-56.5,QAR,-56.5,QAR,Dress Grand ,558
03/06/2019,Credit  card,Food,-174.7,QAR,-174.7,QAR,Grocery Grand ,559
04/06/2019,Credit  card,Entertainment,-20,QAR,-20,QAR,Metro tickets ,560
04/06/2019,Cash,Entertainment,-8,QAR,-8,QAR,Metro tickets ,561
05/06/2019,Credit  card,Entertainment,-539.55,QAR,-539.55,QAR,Dukhan Trip,562
05/06/2019,Cash,Browed,430,QAR,430,QAR,Return Dukan Trip shares,563
06/06/2019,Cash,To 'Chitti Jamshad',-500,QAR,-500,QAR,,564
06/06/2019,Chitti Jamshad,From 'Cash',500,QAR,500,QAR,,565
08/06/2019,Credit  card,Clothes,-66.25,QAR,-66.25,QAR,Clothes Ansar galary,566
08/06/2019,Credit  card,Food,-187.25,QAR,-187.25,QAR,Grocery Safari ,567
09/06/2019,Cash,Eating out,-22,QAR,-22,QAR,Food court Safari ,568
09/06/2019,Cash,Health,-11,QAR,-11,QAR,Medicine Safari,569
12/06/2019,Borrowed,To 'Chitti Nazir',-2000,QAR,-2000,QAR,June Payment ,570
12/06/2019,Chitti Nazir,From 'Borrowed',2000,QAR,2000,QAR,June Payment ,571
12/06/2019,Credit  card,Mobile,-89,QAR,-89,QAR,Memory card Lulu Bin Omran,572
13/06/2019,Credit  card,Eating out,-46,QAR,-46,QAR,KFC ,573
14/06/2019,Credit  card,Food,-380,QAR,-380,QAR,Grocery lulu (504.80-125),574
14/06/2019,Credit  card,Other,-125,QAR,-125,QAR,Mubarakka Purchase(Returned by Cash),575
14/06/2019,Cash,Browed,125,QAR,125,QAR,Mubarakka Purchase(Returned by Cash),576
15/06/2019,Cash,School,-150,QAR,-150,QAR,Madrasa Fee,577
15/06/2019,Cash,Food,-20,QAR,-20,QAR,Gas Cylinder ,578
15/06/2019,Cash,Eating out,-8.5,QAR,-8.5,QAR,Juice and Snacks,579
20/06/2019,Credit  card,Eating out,-40,QAR,-40,QAR,Food MRA(with surfaraz),580
20/06/2019,Cash,Eating out,-28,QAR,-28,QAR,Food Biathal meshaf,581
20/06/2019,Cash,House,-125,QAR,-125,QAR,Table Purchase Afsalkka,582
21/06/2019,Credit  card,House,-249,QAR,-249,QAR,Trolly Bag (299 with 50 Voucher),583
21/06/2019,Credit  card,Gifts,-138,QAR,-138,QAR,Purchase Home town lulu,584
21/06/2019,Credit  card,Food,-353.6,QAR,-353.6,QAR,Grocery lulu ,585
27/06/2019,Bank Account,Salary,7013,QAR,7013,QAR,Salary ,586
27/06/2019,Bank Account,To 'Credit  card',-3576,QAR,-3576,QAR,,587
27/06/2019,Credit  card,From 'Bank Account',3576,QAR,3576,QAR,,588
27/06/2019,Cash,Eating out,-30,QAR,-30,QAR,Star Burger Brost,589
28/06/2019,Credit  card,House,-130,QAR,-130,QAR,Household and Toys ansar galary ,590
28/06/2019,Credit  card,Food,-150,QAR,-150,QAR,Grocery Ansar Galary,591
28/06/2019,Credit  card,Gifts,-434,QAR,-434,QAR,Purchase Home town Ansar galary ,592
29/06/2019,Cash,CHARITY ,550,QAR,550,QAR,Charity  Donation Rcvd ( Mansoor500+Afsalkka50),593
29/06/2019,Cash,House,-112,QAR,-112,QAR,Other and Correction ,594
30/06/2019,Cash,House,-400,QAR,-400,QAR,Water Purifier 3rd Installment(Final),595
30/06/2019,Bank Account,To 'Cash',-1100,QAR,-1100,QAR,Cash withdrawal,596
30/06/2019,Cash,From 'Bank Account',1100,QAR,1100,QAR,Cash withdrawal,597
01/07/2019,Credit  card,Communications,-600,QAR,-600,QAR,Ooreedoo Bill,598
03/07/2019,Cash,Eating out,-13,QAR,-13,QAR,Tea and Snacks,599
04/07/2019,Cash,Eating out,-29,QAR,-29,QAR,Food Biathal meshaf,600
04/07/2019,Credit  card,Gifts,-70,QAR,-70,QAR,Purchase Home town Grand,601
04/07/2019,Credit  card,Food,-86.4,QAR,-86.4,QAR,Grocery Grand ,602
04/07/2019,Cash,Car,-20,QAR,-20,QAR,Petrol ,603
05/07/2019,Credit  card,Clothes,-100,QAR,-100,QAR,Abdu and diya Clothes ,604
05/07/2019,Credit  card,Gifts,-230,QAR,-230,QAR,Purchase Home town Safari ,605
05/07/2019,Bank Account,To 'Cash',-1000,QAR,-1000,QAR,Cash withdrawal,606
05/07/2019,Cash,To 'Chitti Ashraf',-1000,QAR,-1000,QAR,July ,607
05/07/2019,Cash,From 'Bank Account',1000,QAR,1000,QAR,Cash withdrawal,608
05/07/2019,Chitti Ashraf,From 'Cash',1000,QAR,1000,QAR,July ,609
06/07/2019,Cash,House,-10,QAR,-10,QAR,Fancy items Shabana Safari ,610
06/07/2019,Cash,Eating out,-19,QAR,-19,QAR,BBQ Shawarma king,611
06/07/2019,Credit  card,Clothes,-22,QAR,-22,QAR,Cloths lulu ,612
06/07/2019,Credit  card,Food,-70,QAR,-70,QAR,Grocery lulu ,613
06/07/2019,Credit  card,Gifts,-257.6,QAR,-257.6,QAR,Purchase Home town lulu,614
07/07/2019,Cash,Other,-30,QAR,-30,QAR,Hair cut ,615
07/07/2019,Cash,Clothes,-80,QAR,-80,QAR,Cloths Safari Mall,616
07/07/2019,Credit  card,Health,-47.21,QAR,-47.21,QAR,Medicine Sidra,617
07/07/2019,Credit  card,Gifts,-101,QAR,-101,QAR,Purchase Home town Safari ,618
08/07/2019,Cash,Car,-300,QAR,-300,QAR,Car Repairs,619
10/07/2019,Chitti Jamshad,To 'NRI Account',-2688,QAR,-2688,QAR,,620
10/07/2019,NRI Account,From 'Chitti Jamshad',51078.384,INR,2688,QAR,,621
10/07/2019,Bank Account,To 'Chitti Nazir',-2000,QAR,-2000,QAR,July Payment ,622
10/07/2019,Bank Account,To 'Borrowed',-1000,QAR,-1000,QAR,Return to Nazir,623
10/07/2019,Chitti Nazir,From 'Bank Account',2000,QAR,2000,QAR,July Payment ,624
10/07/2019,Borrowed,From 'Bank Account',1000,QAR,1000,QAR,Return to Nazir,625
11/07/2019,Credit  card,Eating out,-23.75,QAR,-23.75,QAR,Snacks from Grand ,626
24/07/2019,Bank Account,To 'Credit  card',-3102.44,QAR,-3102.44,QAR,Credit card Payment ,627
24/07/2019,Credit  card,From 'Bank Account',3102.44,QAR,3102.44,QAR,Credit card Payment ,628
30/07/2019,Bank Account,Salary,7013,QAR,7013,QAR,Salary ,629
30/07/2019,Bank Account,Salary,19500,QAR,19500,QAR,Bonus ,630
04/08/2019,Chitti Jamshad,To 'NRI Account',-1812,QAR,-1812,QAR,Chitti Payment ,631
04/08/2019,Jamshad,To 'NRI Account',-15580,INR,-819.819,QAR,,632
04/08/2019,NRI Account,From 'Chitti Jamshad',34428,INR,1812,QAR,Chitti Payment ,633
04/08/2019,NRI Account,From 'Jamshad',15580,INR,819.819,QAR,,634
15/08/2019,Credit  card,Eating out,-75.1,QAR,-75.1,QAR,Lunch Coimbatore ,635
18/08/2019,Cash,Transport,-60,QAR,-60,QAR,Taxi Fare From Airport ,636
18/08/2019,Credit  card,House,-422.11,QAR,-422.11,QAR,Kindle Purchase ,637
18/08/2019,Credit  card,Food,-156.15,QAR,-156.15,QAR,Grocery Grand ,638
19/08/2019,Credit  card,Mobile,-10,QAR,-10,QAR,Mobile recharge ,639
19/08/2019,Credit  card,Food,-160.35,QAR,-160.35,QAR,Grocery Lulu,640
19/08/2019,Credit  card,To 'Borrowed',-400,QAR,-400,QAR,Jamshad Borrowed ,641
19/08/2019,Bank Account,To 'Borrowed',-1600,QAR,-1600,QAR,Jamshad Borrowed ,642
19/08/2019,Bank Account,To 'NRI Account',-15000,QAR,-15000,QAR,,643
19/08/2019,Borrowed,From 'Credit  card',400,QAR,400,QAR,Jamshad Borrowed ,644
19/08/2019,Borrowed,From 'Bank Account',1600,QAR,1600,QAR,Jamshad Borrowed ,645
19/08/2019,NRI Account,From 'Bank Account',291309,INR,15000,QAR,,646
20/08/2019,Cash,House,-11,QAR,-11,QAR,Electrical Tools ,647
21/08/2019,Cash,House,-100,QAR,-100,QAR,Cleaning Nal kumar,648
22/08/2019,Credit  card,Eating out,-54,QAR,-54,QAR,KFC ,649
22/08/2019,Credit  card,Food,-60.05,QAR,-60.05,QAR,Grocery Grand ,650
22/08/2019,Credit  card,To 'Borrowed',-1000,QAR,-1000,QAR,Jamshad Borrowed ,651
22/08/2019,Borrowed,From 'Credit  card',1000,QAR,1000,QAR,Jamshad Borrowed ,652
22/08/2019,Cash,Eating out,-6,QAR,-6,QAR,Food Biathal meshaf,653
23/08/2019,Cash,Internet Share ,100,QAR,100,QAR,Internet Share,654
23/08/2019,Bank Account,To 'Chitti Nazir',-2000,QAR,-2000,QAR,August Payment ,655
23/08/2019,Chitti Nazir,From 'Bank Account',2000,QAR,2000,QAR,August Payment ,656
24/08/2019,Cash,Food,-41,QAR,-41,QAR,Fish from market,657
24/08/2019,Cash,To 'Borrowed',-26,QAR,-26,QAR,Jameer Borrowed (Fish),658
24/08/2019,Borrowed,From 'Cash',26,QAR,26,QAR,Jameer Borrowed (Fish),659
26/08/2019,Credit  card,House,-200,QAR,-200,QAR,QID Replacement,660
28/08/2019,Bank Account,Salary,7013,QAR,7013,QAR,Salary ,661
28/08/2019,Credit  card,Car,-20,QAR,-20,QAR,Petrol Waqood,662
29/08/2019,Cash,Eating out,-39,QAR,-39,QAR,BBQ Shawarma king,663
29/08/2019,Credit  card,Food,-54.65,QAR,-54.65,QAR,Grocery Grand ,664
30/08/2019,Credit  card,Food,-58.75,QAR,-58.75,QAR,Grocery Grand ,665
30/08/2019,Credit  card,Food,-231.1,QAR,-231.1,QAR,Grocery Lulu ,666
30/08/2019,Credit  card,House,-25,QAR,-25,QAR,Household ,667
30/08/2019,Credit  card,Health,-16,QAR,-16,QAR,Pharmacy Lulu ,668
30/08/2019,Borrowed,To 'Cash',-500,QAR,-500,QAR,Rinu Return ,669
30/08/2019,Cash,From 'Borrowed',500,QAR,500,QAR,Rinu Return ,670
31/08/2019,Borrowed,Food,-26,QAR,-26,QAR,Fish from market(Jameer),671
31/08/2019,Credit  card,Communications,-600,QAR,-600,QAR,Ooredoo Bill,672
02/09/2019,NRI Account,To 'Borrowed India',-149000,INR,-7840.38,QAR,To Yahiya ,673
02/09/2019,Borrowed India,From 'NRI Account',149000,INR,7840.38,QAR,To Yahiya ,674
02/09/2019,Bank Account,To 'Credit  card',-2598.76,QAR,-2598.76,QAR,Credit card Payment ,675
02/09/2019,Credit  card,From 'Bank Account',2598.76,QAR,2598.76,QAR,Credit card Payment ,676
04/09/2019,Credit  card,Work,-48.4,QAR,-48.4,QAR,$13 Udemy Course ,677
05/09/2019,Cash,Eating out,-30,QAR,-30,QAR,Food Biathal meshawi,678
06/09/2019,Credit  card,Food,-38.35,QAR,-38.35,QAR,Grocery Grand ,679
06/09/2019,Credit  card,Food,-208,QAR,-208,QAR,Grocery lulu ,680
07/09/2019,Credit  card,School,-3600,QAR,-3600,QAR,School Fees +Transport ,681
08/09/2019,Cash,Eating out,-11,QAR,-11,QAR,Food Biathal meshaf,682
08/09/2019,Bank Account,To 'Cash',-2000,QAR,-2000,QAR,Cash withdrawal,683
08/09/2019,Cash,To 'Chitti Nazir',-2000,QAR,-2000,QAR,September Payment ,684
08/09/2019,Cash,From 'Bank Account',2000,QAR,2000,QAR,Cash withdrawal,685
08/09/2019,Chitti Nazir,From 'Cash',2000,QAR,2000,QAR,September Payment ,686
09/09/2019,Cash,Work,-235,QAR,-235,QAR,Hard disk 195 and Caddy 40,687
10/09/2019,Credit  card,Health,-50.37,QAR,-50.37,QAR,Sidra Pharmacy ,688
10/09/2019,Credit  card,Health,-10,QAR,-10,QAR,Sidra Store,689
10/09/2019,Credit  card,Eating out,-28,QAR,-28,QAR,Food MRA,690
10/09/2019,Credit  card,Food,-34.9,QAR,-34.9,QAR,Grocery Safari,691
10/09/2019,Bank Account,To 'Credit  card',-800,QAR,-800,QAR,Credit card Payment ,692
10/09/2019,Credit  card,From 'Bank Account',800,QAR,800,QAR,Credit card Payment ,693
10/09/2019,Credit  card,Health,-30,QAR,-30,QAR,Sidra Consultation Fee,694
12/09/2019,Credit  card,Food,-130.5,QAR,-130.5,QAR,Grocery Grand ,695
13/09/2019,Cash,Eating out,-6,QAR,-6,QAR,Tea and Snacks,696
13/09/2019,Cash,House,-3,QAR,-3,QAR,Kanmashi,697
13/09/2019,Cash,Car,-15,QAR,-15,QAR,Car Wash ,698
13/09/2019,Credit  card,Food,-105.25,QAR,-105.25,QAR,Grocery Indian ,699
15/09/2019,Cash,To 'Chitti Ashraf',-2000,QAR,-2000,QAR,August and September Payment ,700
15/09/2019,Chitti Ashraf,From 'Cash',2000,QAR,2000,QAR,August and September Payment ,701
15/09/2019,Chitti Ashraf,To 'Cash',-12000,QAR,-12000,QAR,Chitti Withdraw ,702
15/09/2019,Cash,From 'Chitti Ashraf',12000,QAR,12000,QAR,Chitti Withdraw ,703
18/09/2019,Cash,Eating out,-125,QAR,-125,QAR,Sadhya Mannai ,704
19/09/2019,Cash,School,-21,QAR,-21,QAR,Book ,705
19/09/2019,Credit  card,Food,-171.45,QAR,-171.45,QAR,Grocery Grand ,706
21/09/2019,Cash,School,-150,QAR,-150,QAR,Madrasa Fee September ,707
21/09/2019,Cash,Eating out,-6,QAR,-6,QAR,Food Biathal meshawi,708
21/09/2019,Credit  card,Food,-95.34,QAR,-95.34,QAR,Grocery Ansar Galary,709
24/09/2019,Cash,Internet Share ,100,QAR,100,QAR,Internet Share,710
24/09/2019,Cash,To 'Borrowed',-100,QAR,-100,QAR,Return to Jojo,711
24/09/2019,Borrowed,From 'Cash',100,QAR,100,QAR,Return to Jojo,712
25/09/2019,Credit  card,School,-10,QAR,-10,QAR,Exam Writing pads ,713
25/09/2019,Credit  card,Mobile,-19,QAR,-19,QAR,Car Mobile Holder ,714
25/09/2019,Credit  card,Food,-22.25,QAR,-22.25,QAR,Grocery Grand ,715
27/09/2019,Credit  card,Food,-266.4,QAR,-266.4,QAR,Grocery Lulu,716
27/09/2019,Credit  card,Health,-8,QAR,-8,QAR,Tape Pharmacy ,717
27/09/2019,Bank Account,To 'Credit  card',-4694.89,QAR,-4694.89,QAR,Credit card Payment ,718
27/09/2019,Credit  card,From 'Bank Account',4694.89,QAR,4694.89,QAR,Credit card Payment ,719
28/09/2019,Credit  card,Health,-40,QAR,-40,QAR,Hospital Consultation Fee Aliviya,720
28/09/2019,Credit  card,Health,-45.25,QAR,-45.25,QAR,Medicine Aliviya,721
28/09/2019,Bank Account,Salary,7013,QAR,7013,QAR,Salary ,722
30/09/2019,Cash,To 'NRI Account',-9985,QAR,-9985,QAR,,723
30/09/2019,NRI Account,From 'Cash',192710.5,INR,9985,QAR,,724
30/09/2019,Cash,Bills,-15,QAR,-15,QAR,Transfer Charge ,725
30/09/2019,NRI Account,To 'Borrowed India',-65000,INR,-3420.3,QAR,To Peppi ,726
30/09/2019,Borrowed India,From 'NRI Account',65000,INR,3420.3,QAR,To Peppi ,727
01/10/2019,Credit  card,House,-90,QAR,-90,QAR,Garden items ,728
01/10/2019,Bank Account,Gifts,-543,QAR,-543,QAR,Gold Purchase Akshaya for thasna,729
01/10/2019,Credit  card,Eating out,-42,QAR,-42,QAR,KFC ,730
03/10/2019,Cash,Eating out,-10,QAR,-10,QAR,Porratta Baithal meshawi,731
03/10/2019,Credit  card,Food,-12,QAR,-12,QAR,Grocery Grand ,732
04/10/2019,Credit  card,House,-15,QAR,-15,QAR,Chappal for Diya,733
04/10/2019,Credit  card,Food,-81.15,QAR,-81.15,QAR,Grocery Grand ,734
05/10/2019,Cash,Entertainment,-25,QAR,-25,QAR,Cycle Repair ,735
05/10/2019,Cash,House,-35,QAR,-35,QAR,Hair cut ,736
07/10/2019,Credit  card,Food,-28,QAR,-28,QAR,Grocery Grand ,737
07/10/2019,NRI Account,To 'Borrowed India',-125000,INR,-6577.5,QAR,Shabna's Vappa,738
07/10/2019,Borrowed India,From 'NRI Account',125000,INR,6577.5,QAR,Shabna's Vappa,739
09/10/2019,Credit  card,House,-264.5,QAR,-264.5,QAR,Home appliances and bed sheet,740
09/10/2019,Bank Account,To 'Chitti Ashraf',-1000,QAR,-1000,QAR,October Payment ,741
09/10/2019,Chitti Ashraf,From 'Bank Account',1000,QAR,1000,QAR,October Payment ,742
10/10/2019,Cash,Eating out,-15,QAR,-15,QAR,BBQ Baithal meshawi ,743
10/10/2019,Credit  card,Food,-81.4,QAR,-81.4,QAR,Grocery Grand ,744
12/10/2019,Credit  card,Car,-43,QAR,-43,QAR,Car cleaner and Jumber,745
12/10/2019,Credit  card,House,-27,QAR,-27,QAR,Battery ,746
12/10/2019,Credit  card,Food,-298.85,QAR,-298.85,QAR,Grocery Lulu,747
12/10/2019,Bank Account,To 'Chitti Nazir',-2000,QAR,-2000,QAR,October Payment ,748
12/10/2019,Chitti Nazir,From 'Bank Account',2000,QAR,2000,QAR,October Payment ,749
17/10/2019,Cash,Eating out,-50,QAR,-50,QAR,Food Biathal meshaf,750
19/10/2019,Credit  card,Food,-257.15,QAR,-257.15,QAR,Grocery Lulu ,751
21/10/2019,Cash,Food,-20,QAR,-20,QAR,Gas Cylinder ,752
21/10/2019,Credit  card,Mobile,-10,QAR,-10,QAR,Mobile recharge ,753
23/10/2019,Bank Account,House,-340,QAR,-340,QAR,Filter(Cartridge change and shower filter),754
24/10/2019,Credit  card,Food,-48.25,QAR,-48.25,QAR,Grocery Carrefour ,755
24/10/2019,Credit  card,Eating out,-59,QAR,-59,QAR,McDonald's Chicken ,756
26/10/2019,Credit  card,Other,-12,QAR,-12,QAR,Battery and Sunglass,757
26/10/2019,Credit  card,Food,-157.95,QAR,-157.95,QAR,Grocery Grand ,758
28/10/2019,Credit  card,Communications,-600,QAR,-600,QAR,Ooreedoo Bill,759
28/10/2019,Borrowed,To 'Bank Account',-3000,QAR,-3000,QAR,Jamshad Return,760
28/10/2019,Bank Account,From 'Borrowed',3000,QAR,3000,QAR,Jamshad Return,761
31/10/2019,Credit  card,Eating out,-65,QAR,-65,QAR,Food Rotana,762
31/10/2019,Credit  card,Food,-74.85,QAR,-74.85,QAR,Grocery Grand ,763
31/10/2019,Bank Account,To 'Credit  card',-2538.15,QAR,-2538.15,QAR,Credit card Payment ,764
31/10/2019,Credit  card,From 'Bank Account',2538.15,QAR,2538.15,QAR,Credit card Payment ,765
31/10/2019,Bank Account,Salary,7013,QAR,7013,QAR,Salary ,766
31/10/2019,NRI Account,To 'Borrowed India',-20000,INR,-1052.4,QAR,Riyas,767
31/10/2019,Borrowed India,From 'NRI Account',20000,INR,1052.4,QAR,Riyas,768
02/11/2019,Bank Account,To 'Chitti Nazir',-2000,QAR,-2000,QAR,November Payment ,769
02/11/2019,Chitti Nazir,From 'Bank Account',2000,QAR,2000,QAR,November Payment ,770
03/11/2019,Credit  card,Food,-195.4,QAR,-195.4,QAR,Grocery Grand ,771
05/11/2019,Bank Account,To 'Borrowed',-2000,QAR,-2000,QAR,To Rinu(Given),772
05/11/2019,Borrowed,From 'Bank Account',2000,QAR,2000,QAR,To Rinu(Given),773
07/11/2019,Cash,Eating out,-29,QAR,-29,QAR,Food Biathal meshawi,774
07/11/2019,Cash,Eating out,-14,QAR,-14,QAR,Snacks Noble school ,775
07/11/2019,Credit  card,Food,-96.45,QAR,-96.45,QAR,Grocery Grand ,776
07/11/2019,Bank Account,To 'Cash',-200,QAR,-200,QAR,Cash withdrawal,777
07/11/2019,Cash,From 'Bank Account',200,QAR,200,QAR,Cash withdrawal,778
09/11/2019,Cash,Eating out,-34,QAR,-34,QAR,Snacks at Safari ,779
09/11/2019,Credit  card,Food,-75.35,QAR,-75.35,QAR,Grocery Safari ,780
09/11/2019,Credit  card,Health,-8,QAR,-8,QAR,Tape Pharmacy ,781
09/11/2019,Bank Account,To 'Chitti Ashraf',-2000,QAR,-2000,QAR,November and December Payment ,782
09/11/2019,Chitti Ashraf,From 'Bank Account',2000,QAR,2000,QAR,November and December Payment ,783
10/11/2019,Credit  card,Food,-226.6,QAR,-226.6,QAR,Grocery Lulu,784
10/11/2019,Credit  card,Sports,-199,QAR,-199,QAR,Bicycle ,785
11/11/2019,Credit  card,Mobile,-25,QAR,-25,QAR,True Caller Renewal ,786
12/11/2019,Cash,House,-1350,QAR,-1350,QAR,Desktop computers Purchase ,787
12/11/2019,Bank Account,To 'Cash',-1300,QAR,-1300,QAR,Withdrawal ,788
12/11/2019,Cash,From 'Bank Account',1300,QAR,1300,QAR,Withdrawal ,789
15/11/2019,Cash,Internet Share ,100,QAR,100,QAR,Internet Share- November ,790
15/11/2019,Credit  card,Food,-155.4,QAR,-155.4,QAR,Grocery Grand ,791
15/11/2019,Credit  card,House,-7,QAR,-7,QAR,Grand others,792
15/11/2019,Credit  card,Health,-40,QAR,-40,QAR,Hospital Consultation Fee Aliviya,793
15/11/2019,Credit  card,Health,-240,QAR,-240,QAR,Hospital teeth removal Fee Aliviya,794
15/11/2019,Credit  card,Health,-43.63,QAR,-43.63,QAR,Medicine Aliviya,795
16/11/2019,Cash,School,-150,QAR,-150,QAR,Madrasa Fee October ,796
16/11/2019,Cash,Internet Share ,200,QAR,200,QAR,Internet Share- Oct and November Karun,797
18/11/2019,Credit  card,Health,-30,QAR,-30,QAR,Sidra Consultation Fee,798
18/11/2019,Credit  card,Health,-11.16,QAR,-11.16,QAR,Sidra Pharmacy ,799
18/11/2019,Credit  card,Health,-50,QAR,-50,QAR,Catheter Sidra(50 Nos),800
18/11/2019,Credit  card,Eating out,-71,QAR,-71,QAR,MRA restaurant ,801
21/11/2019,Cash,Eating out,-20,QAR,-20,QAR,Food Biathal meshaf,802
21/11/2019,Credit  card,Food,-55.75,QAR,-55.75,QAR,Grocery Grand ,803
22/11/2019,Cash,Eating out,-42.5,QAR,-42.5,QAR,Fish grill,804
23/11/2019,Credit  card,Mobile,-120,QAR,-120,QAR,Filmora Screen capture Purchase ,805
23/11/2019,Bank Account,To 'Cash',-100,QAR,-100,QAR,Cash withdrawal,806
23/11/2019,Cash,From 'Bank Account',100,QAR,100,QAR,Cash withdrawal,807
23/11/2019,Cash,House,-35,QAR,-35,QAR,Hair cut ,808
23/11/2019,Cash,School,-150,QAR,-150,QAR,Madrasa Fee November ,809
24/11/2019,Credit  card,Food,-232.05,QAR,-232.05,QAR,Grocery Grand ,810
25/11/2019,Credit  card,Mobile,-150,QAR,-150,QAR,Memory card Ali Express 256Gb,811
26/11/2019,Bank Account,Salary,7013,QAR,7013,QAR,Salary ,812
26/11/2019,Cash,Transport,-20,QAR,-20,QAR,Petrol ,813
27/11/2019,Bank Account,To 'Credit  card',-2018.84,QAR,-2018.84,QAR,Credit card Payment ,814
27/11/2019,Credit  card,From 'Bank Account',2018.84,QAR,2018.84,QAR,Credit card Payment ,815
28/11/2019,Credit  card,Health,-30,QAR,-30,QAR,Medicine PHCC,816
28/11/2019,Credit  card,Food,-211.95,QAR,-211.95,QAR,Grocery Lulu,817
28/11/2019,Cash,Eating out,-32,QAR,-32,QAR,Food Biathal meshawi,818
01/12/2019,Cash,Transport,-20,QAR,-20,QAR,Petrol ,819
02/12/2019,Credit  card,Food,-102.32,QAR,-102.32,QAR,Grocery Lulu,820
02/12/2019,Credit  card,Sports,-12,QAR,-12,QAR,Lock cycle ,821
02/12/2019,Bank Account,To 'Borrowed',-500,QAR,-500,QAR,Sharfaraz Borrowed ,822
02/12/2019,Borrowed,From 'Bank Account',500,QAR,500,QAR,Sharfaraz Borrowed ,823
03/12/2019,Credit  card,Transport,-10,QAR,-10,QAR,Qatar rail Card recharge ,824
03/12/2019,Cash,Transport,-20,QAR,-20,QAR,Petrol ,825
05/12/2019,Borrowed,To 'Cash',-2000,QAR,-2000,QAR,Rinu Return ,826
05/12/2019,Cash,From 'Borrowed',2000,QAR,2000,QAR,Rinu Return ,827
05/12/2019,Credit  card,Health,-37.93,QAR,-37.93,QAR,Sidra Pharmacy ,828
05/12/2019,Credit  card,Eating out,-59,QAR,-59,QAR,McDonald's Chicken ,829
05/12/2019,Credit  card,Food,-24.5,QAR,-24.5,QAR,Grocery Lulu,830
06/12/2019,Cash,Eating out,-13,QAR,-13,QAR,Snacks ,831
09/12/2019,Credit  card,Food,-176.3,QAR,-176.3,QAR,Grocery Grand ,832
09/12/2019,Bank Account,To 'Cash',-1500,QAR,-1500,QAR,Cash withdrawal,833
09/12/2019,Cash,To 'Chitti Nazir',-2000,QAR,-2000,QAR,December Payment ,834
09/12/2019,Cash,To 'Borrowed',-1000,QAR,-1000,QAR,To Nazi,835
09/12/2019,Cash,From 'Bank Account',1500,QAR,1500,QAR,Cash withdrawal,836
09/12/2019,Chitti Nazir,From 'Cash',2000,QAR,2000,QAR,December Payment ,837
09/12/2019,Borrowed,From 'Cash',1000,QAR,1000,QAR,To Nazi,838
10/12/2019,Cash,Internet Share ,100,QAR,100,QAR,Internet Share(23) December ,839
10/12/2019,NRI Account,To 'Cash',-32000,INR,-1683.84,QAR,Shaik Mansoor (Microsoft exam33),840
10/12/2019,Cash,From 'NRI Account',1683.84,QAR,1683.84,QAR,Shaik Mansoor (Microsoft exam33),841
12/12/2019,Cash,Eating out,-35,QAR,-35,QAR,Baithal meshawi parcel,842
12/12/2019,Cash,To 'BBQ',-15,QAR,-15,QAR,,843
12/12/2019,BBQ,From 'Cash',15,QAR,15,QAR,,844
13/12/2019,Cash,Car,-20,QAR,-20,QAR,Petrol Waqood,845
15/12/2019,Credit  card,Food,-109.05,QAR,-109.05,QAR,Grocery lulu ,846
15/12/2019,Bank Account,To 'Cash',-1500,QAR,-1500,QAR,Cash withdrawal,847
15/12/2019,Cash,To 'NRI Account',-1957.51,QAR,-1957.51,QAR,Sent Money to India,848
15/12/2019,Cash,From 'Bank Account',1500,QAR,1500,QAR,Cash withdrawal,849
15/12/2019,NRI Account,From 'Cash',37799.518,INR,1957.51,QAR,Sent Money to India,850
16/12/2019,Cash,Car,-20,QAR,-20,QAR,Petrol waqood ,851
16/12/2019,Credit  card,Food,-4.5,QAR,-4.5,QAR,Lulu Purchase ,852
16/12/2019,Borrowed,To 'Cash',-500,QAR,-500,QAR,Sharfaraz Returns ,853
16/12/2019,Cash,From 'Borrowed',500,QAR,500,QAR,Sharfaraz Returns ,854
18/12/2019,Credit  card,Food,-186.22,QAR,-186.22,QAR,Grocery lulu ,855
19/12/2019,BBQ,Entertainment,-15,QAR,-15,QAR,Porratta Baithal meshawi,856
19/12/2019,BBQ,Entertainment,-42,QAR,-42,QAR,BBQ Wakra beach ,857
19/12/2019,Credit  card,To 'BBQ',-221.7,QAR,-221.7,QAR,Common Purchase ,858
19/12/2019,BBQ,From 'Credit  card',221.7,QAR,221.7,QAR,Common Purchase ,859
20/12/2019,Cash,Entertainment,-8,QAR,-8,QAR,Metro tickets ,860
21/12/2019,Cash,Food,-20,QAR,-20,QAR,Gas Cylinder ,861
21/12/2019,Credit  card,Mobile,-10,QAR,-10,QAR,Mobile recharge ,862
22/12/2019,Credit  card,Food,-64.75,QAR,-64.75,QAR,Grocery Grand ,863
23/12/2019,BBQ,To 'Cash',-42,QAR,-42,QAR,Mansoor,864
23/12/2019,Cash,From 'BBQ',42,QAR,42,QAR,Mansoor,865
26/12/2019,Credit  card,Food,-145.95,QAR,-145.95,QAR,Grocery Grand ,866
26/12/2019,Credit  card,Eating out,-39,QAR,-39,QAR,Food Talabat,867
27/12/2019,Credit  card,Clothes,-190,QAR,-190,QAR,Cloths Safari,868
27/12/2019,Credit  card,House,-27,QAR,-27,QAR,Pampers ,869
27/12/2019,Cash,Clothes,-18,QAR,-18,QAR,Maftha Safari Mall,870
27/12/2019,Cash,Eating out,-3,QAR,-3,QAR,Vada ,871
27/12/2019,Cash,Clothes,-5,QAR,-5,QAR,Watch repair,872
28/12/2019,Credit  card,Clothes,-30,QAR,-30,QAR,Cloths Max,873
28/12/2019,Cash,Mobile,-125,QAR,-125,QAR,Earbuds Mi ,874
29/12/2019,Credit  card,Transport,-2991,QAR,-2991,QAR,Tickets to India ,875
30/12/2019,Bank Account,Salary,7013,QAR,7013,QAR,,876
30/12/2019,Credit  card,Food,-170.53,QAR,-170.53,QAR,Grocery Lulu,877
30/12/2019,Bank Account,To 'Credit  card',-3500,QAR,-3500,QAR,Credit card Payment ,878
30/12/2019,Credit  card,From 'Bank Account',3500,QAR,3500,QAR,Credit card Payment ,879
01/01/2020,Credit  card,Communications,-600,QAR,-600,QAR,Ooreedoo Bill,880
02/01/2020,Cash,Eating out,-32,QAR,-32,QAR,Food Biathal meshawi,881
04/01/2020,Credit  card,Work,-40,QAR,-40,QAR,Az 500 course Purchase ,882
04/01/2020,Cash,School,-2700,QAR,-2700,QAR,School Fees +Transport ,883
04/01/2020,Cash,Gold Purchase,-1532,QAR,-1532,QAR,Gold Purchase Akshaya 8.21gm,884
04/01/2020,Credit  card,Mobile,-599,QAR,-599,QAR,Mobile Purchase for shabana ,885
04/01/2020,Bank Account,To 'Credit  card',-1500,QAR,-1500,QAR,Credit card Payment ,886
04/01/2020,Bank Account,To 'Cash',-3700,QAR,-3700,QAR,Cash withdrawal,887
04/01/2020,Cash,To 'Borrowed',-3000,QAR,-3000,QAR,Borrowed to Jamshad,888
04/01/2020,Bank Account,To 'Cash',-2000,QAR,-2000,QAR,Cash withdrawal,889
04/01/2020,Credit  card,From 'Bank Account',1500,QAR,1500,QAR,Credit card Payment ,890
04/01/2020,Cash,From 'Bank Account',3700,QAR,3700,QAR,Cash withdrawal,891
04/01/2020,Borrowed,From 'Cash',3000,QAR,3000,QAR,Borrowed to Jamshad,892
04/01/2020,Cash,From 'Bank Account',2000,QAR,2000,QAR,Cash withdrawal,893
05/01/2020,Credit  card,Food,-264.9,QAR,-264.9,QAR,Grocery lulu ,894
05/01/2020,Bank Account,To 'Chitti Nazir',-2000,QAR,-2000,QAR,January Payment ,895
05/01/2020,Chitti Nazir,From 'Bank Account',2000,QAR,2000,QAR,January Payment ,896
08/01/2020,Cash,Internet Share ,100,QAR,100,QAR,Internet Share- January (23),897
09/01/2020,Cash,Eating out,-10,QAR,-10,QAR,Baithal meshawi parcel,898
10/01/2020,Cash,Internet Share ,100,QAR,100,QAR,Internet Share Karun December ,899
11/01/2020,Cash,School,-300,QAR,-300,QAR,Madrasa Fee December and January ,900
11/01/2020,Credit  card,Food,-20.5,QAR,-20.5,QAR,Milk Grand,901
11/01/2020,Credit  card,Food,-226.09,QAR,-226.09,QAR,Grocery  Lulu ,902
11/01/2020,Credit  card,Food,-17.5,QAR,-17.5,QAR,Pampers ,903
13/01/2020,Credit  card,Health,-50,QAR,-50,QAR,Sidra Catheter ,904
13/01/2020,Bank Account,To 'Borrowed',-1000,QAR,-1000,QAR,To Rinu(Given),905
13/01/2020,Borrowed,From 'Bank Account',1000,QAR,1000,QAR,To Rinu(Given),906
16/01/2020,Cash,Eating out,-30,QAR,-30,QAR,Food Biathal meshawi,907
16/01/2020,Credit  card,Transport,-10,QAR,-10,QAR,Qatar rail Card recharge ,908
16/01/2020,Credit  card,Food,-91.85,QAR,-91.85,QAR,Grocery Grand ,909
20/01/2020,Cash,Internet Share ,100,QAR,100,QAR,Internet Share- January (Flat 4),910
20/01/2020,Credit  card,Food,-218.3,QAR,-218.3,QAR,Grocery Grand ,911
20/01/2020,Credit  card,Food,-11.1,QAR,-11.1,QAR,Grocery Grand ,912
21/01/2020,Cash,Transport,-4,QAR,-4,QAR,Metro tickets,913
23/01/2020,Cash,Eating out,-38,QAR,-38,QAR,Food Biathal meshawi,914
25/01/2020,Credit  card,Clothes,-131.85,QAR,-131.85,QAR,Dress Lulu ,915
25/01/2020,Credit  card,Food,-100.75,QAR,-100.75,QAR,Grocery Lulu,916
25/01/2020,Credit  card,Gifts,-199,QAR,-199,QAR,Mic and Speakers,917
25/01/2020,Cash,House,-15,QAR,-15,QAR,Hair cut ,918
28/01/2020,Bank Account,To 'Cash',-2700,QAR,-2700,QAR,Cash withdrawal,919
28/01/2020,Cash,To 'Borrowed',-3000,QAR,-3000,QAR,Given to Jans ,920
28/01/2020,Cash,From 'Bank Account',2700,QAR,2700,QAR,Cash withdrawal,921
28/01/2020,Borrowed,From 'Cash',3000,QAR,3000,QAR,Given to Jans ,922
29/01/2020,Bank Account,Salary,26596,QAR,26596,QAR,Salary (Including furniture allowance),923
30/01/2020,Credit  card,Food,-131,QAR,-131,QAR,Grocery Grand ,924
31/01/2020,Bank Account,To 'Credit  card',-2603.1,QAR,-2603.1,QAR,Credit card Payment 26,925
31/01/2020,Credit  card,From 'Bank Account',2603.1,QAR,2603.1,QAR,Credit card Payment 26,926
01/02/2020,Credit  card,Food,-231.5,QAR,-231.5,QAR,Grocery  Lulu ,927
04/02/2020,NRI Account,To 'Borrowed India',-20000,INR,-1052.4,QAR,Binu,928
04/02/2020,Borrowed India,From 'NRI Account',20000,INR,1052.4,QAR,Binu,929
06/02/2020,Credit  card,Eating out,-47,QAR,-47,QAR,KFC ,930
07/02/2020,Cash,Internet Share ,100,QAR,100,QAR,Internet Share- February (23),931
08/02/2020,Credit  card,Food,-15.75,QAR,-15.75,QAR,Grocery Grand ,932
09/02/2020,Credit  card,Food,-27.65,QAR,-27.65,QAR,Grocery Grand ,933
09/02/2020,Cash,Car,-20,QAR,-20,QAR,Petrol,934
10/02/2020,Credit  card,Food,-49,QAR,-49,QAR,Grocery Grand ,935
11/02/2020,Credit  card,Other,-200,QAR,-200,QAR,Credit Yearly Charges ,936
13/02/2020,Cash,Salary,600,QAR,600,QAR,MICROSOFT Exam Reimbursement ,937
13/02/2020,Credit  card,Gifts,-375.25,QAR,-375.25,QAR,Purchase Home town Ansar galary ,938
13/02/2020,Credit  card,Eating out,-37.5,QAR,-37.5,QAR,MRA restaurant ,939
14/02/2020,Credit  card,Clothes,-112,QAR,-112,QAR,Dress Safari ,940
14/02/2020,Credit  card,House,-30,QAR,-30,QAR,Toy car,941
14/02/2020,Credit  card,Communications,-300,QAR,-300,QAR,Ooreedoo Bill,942
14/02/2020,Credit  card,Communications,-10,QAR,-10,QAR,Ooreedoo Recharge ,943
14/02/2020,Credit  card,Food,-135.9,QAR,-135.9,QAR,Grocery Grand ,944
14/02/2020,Credit  card,Clothes,-418,QAR,-418,QAR,Dress and Shoes 409+9,945
14/02/2020,Credit  card,Food,-49.1,QAR,-49.1,QAR,Grocery lulu ,946
15/02/2020,Credit  card,Other,-50,QAR,-50,QAR,Bank Charges ,947
15/02/2020,Cash,Internet Share ,200,QAR,200,QAR,Internet Share- Jan and Feb Karun,948
17/02/2020,Cash,Gifts,-2812,QAR,-2812,QAR,Gold Purchase ,949
17/02/2020,Bank Account,To 'Cash',-3500,QAR,-3500,QAR,Cash withdrawal,950
17/02/2020,Cash,From 'Bank Account',3500,QAR,3500,QAR,Cash withdrawal,951
17/02/2020,Credit  card,Food,-12,QAR,-12,QAR,Grocery  Lulu ,952
18/02/2020,Cash,Eating out,-25,QAR,-25,QAR,BBQ Shawarma king,953
19/02/2020,Cash,To 'Chitti Nazir',-2000,QAR,-2000,QAR,February Payment,954
19/02/2020,Borrowed,To 'Cash',-500,QAR,-500,QAR,Nazi Return ,955
19/02/2020,Chitti Nazir,From 'Cash',2000,QAR,2000,QAR,February Payment,956
19/02/2020,Cash,From 'Borrowed',500,QAR,500,QAR,Nazi Return ,957
19/02/2020,Bank Account,Other,-15,QAR,-15,QAR,Commission Money Exchange ,958
19/02/2020,Credit  card,House,-20,QAR,-20,QAR,Packing Buble wrapper,959
19/02/2020,Bank Account,To 'NRI Account',-19985,QAR,-19985,QAR,Sent Money to India,960
19/02/2020,NRI Account,From 'Bank Account',389707,INR,19985,QAR,Sent Money to India,961
20/02/2020,Cash,Eating out,-14,QAR,-14,QAR,Food Biathal meshawi,962
20/02/2020,Credit  card,Food,-29.5,QAR,-29.5,QAR,Grocery Grand ,963
20/02/2020,Credit  card,House,-15,QAR,-15,QAR,Packing Buble wrapper,964
26/02/2020,Bank Account,Salary,37384,QAR,37384,QAR,Salary ,965
27/02/2020,Bank Account,To 'Credit  card',-2296.12,QAR,-2296.12,QAR,Credit card Payment ,966
27/02/2020,Credit  card,From 'Bank Account',2296.12,QAR,2296.12,QAR,Credit card Payment ,967
07/03/2020,Cash,Taxi,-40,QAR,-40,QAR,Taxi Fare From Airport ,968
08/03/2020,Borrowed,To 'Cash',-3000,QAR,-3000,QAR,Jans Returned ,969
08/03/2020,Cash,From 'Borrowed',3000,QAR,3000,QAR,Jans Returned ,970
08/03/2020,Credit  card,Food,-145.66,QAR,-145.66,QAR,Grocery Grand ,971
12/03/2020,Cash,Eating out,-25,QAR,-25,QAR,Food Biathal meshawi,972
13/03/2020,Cash,Internet Share ,100,QAR,100,QAR,Internet Share- March (23),973
13/03/2020,Bank Account,To 'Chitti Nazir',-2000,QAR,-2000,QAR,March Payment,974
13/03/2020,Chitti Nazir,From 'Bank Account',2000,QAR,2000,QAR,March Payment,975
13/03/2020,Credit  card,Food,-206.59,QAR,-206.59,QAR,Grocery Grand ,976
15/03/2020,Credit  card,Health,-50,QAR,-50,QAR,Sidra Ultra Sound ,977
15/03/2020,Credit  card,Health,-110,QAR,-110,QAR,Sidra Catheter ,978
15/03/2020,Credit  card,Health,-7.41,QAR,-7.41,QAR,Sidra Pharmacy ,979
17/03/2020,Credit  card,Food,-555.34,QAR,-555.34,QAR,Grocery  Lulu ,980
18/03/2020,Credit  card,Communications,-600,QAR,-600,QAR,Ooreedoo Bill,981
18/03/2020,Chitti Nazir,To 'Bank Account',-20000,QAR,-20000,QAR,Chitti Withdraw ,982
18/03/2020,Bank Account,From 'Chitti Nazir',20000,QAR,20000,QAR,Chitti Withdraw ,983
18/03/2020,Credit  card,To 'Borrowed',-2100,QAR,-2100,QAR,Purchased by Jamshad,984
18/03/2020,Borrowed,From 'Credit  card',2100,QAR,2100,QAR,Purchased by Jamshad,985
19/03/2020,Credit  card,To 'Borrowed',-75.74,QAR,-75.74,QAR,Purchased by Jamshad,986
19/03/2020,Credit  card,To 'Borrowed',-89.6,QAR,-89.6,QAR,Purchased by Jamshad,987
19/03/2020,Borrowed,From 'Credit  card',75.74,QAR,75.74,QAR,Purchased by Jamshad,988
19/03/2020,Borrowed,From 'Credit  card',89.6,QAR,89.6,QAR,Purchased by Jamshad,989
20/03/2020,Borrowed,To 'Cash',-1000,QAR,-1000,QAR,Rinu Return ,990
20/03/2020,Cash,From 'Borrowed',1000,QAR,1000,QAR,Rinu Return ,991
22/03/2020,Bank Account,Salary,7354,QAR,7354,QAR,Salary ,992
22/03/2020,Bank Account,Food,-122.75,QAR,-122.75,QAR,Grocery Grand ,993
22/03/2020,Cash,To 'Borrowed',-3000,QAR,-3000,QAR,To Jamshad,994
22/03/2020,Borrowed,From 'Cash',3000,QAR,3000,QAR,To Jamshad,995
24/03/2020,Bank Account,House,-15,QAR,-15,QAR,Commission Money Exchange ,996
24/03/2020,Bank Account,To 'NRI Account',-29985,QAR,-29985,QAR,Transfer to NRI ,997
24/03/2020,NRI Account,From 'Bank Account',619190.25,INR,29985,QAR,Transfer to NRI ,998
26/03/2020,Borrowed,To 'Bank Account',-3000,QAR,-3000,QAR,Jamshad Return,999
26/03/2020,Borrowed,To 'NRI Account',-3500,QAR,-3500,QAR,Jamshad Return,1000
26/03/2020,Bank Account,From 'Borrowed',3000,QAR,3000,QAR,Jamshad Return,1001
26/03/2020,NRI Account,From 'Borrowed',72100,INR,3500,QAR,Jamshad Return,1002
27/03/2020,Cash,Eating out,-25,QAR,-25,QAR,Food Biathal meshawi,1003
31/03/2020,Bank Account,To 'Credit  card',-3939.34,QAR,-3939.34,QAR,Credit card Payment ,1004
31/03/2020,Credit  card,From 'Bank Account',3939.34,QAR,3939.34,QAR,Credit card Payment ,1005
01/04/2020,Credit  card,Food,-193.38,QAR,-193.38,QAR,Grocery  Lulu ,1006
02/04/2020,Cash,Eating out,-54,QAR,-54,QAR,KFC ,1007
03/04/2020,Bank Account,School,-2550,QAR,-2550,QAR,School Fees + Books ,1008
09/04/2020,Cash,Eating out,-30,QAR,-30,QAR,Food Biathal meshawi,1009
09/04/2020,Bank Account,To 'Chitti Nazir',-1500,QAR,-1500,QAR,April Payment ,1010
09/04/2020,Borrowed,To 'Chitti Nazir',-500,QAR,-500,QAR,Return Nazir ,1011
09/04/2020,Chitti Nazir,From 'Bank Account',1500,QAR,1500,QAR,April Payment ,1012
09/04/2020,Chitti Nazir,From 'Borrowed',500,QAR,500,QAR,Return Nazir ,1013
11/04/2020,Credit  card,Food,-198.6,QAR,-198.6,QAR,Grocery Grand ,1014
14/04/2020,Bank Account,To 'Borrowed',-500,QAR,-500,QAR,To Jamshad,1015
14/04/2020,Borrowed,From 'Bank Account',500,QAR,500,QAR,To Jamshad,1016
15/04/2020,Bank Account,Health,-34.2,QAR,-34.2,QAR,Sidra Pharmacy ,1017
16/04/2020,Credit  card,Eating out,-50,QAR,-50,QAR,Food Talabat,1018
18/04/2020,Cash,Food,-66,QAR,-66,QAR,Beef Market ,1019
18/04/2020,Credit  card,Food,-40,QAR,-40,QAR,Grocery Grand ,1020
19/04/2020,Credit  card,Mobile,-30,QAR,-30,QAR,Ooreedoo Recharge ,1021
19/04/2020,Credit  card,School,-15,QAR,-15,QAR,Physics vala Donation ,1022
20/04/2020,Credit  card,Communications,-300,QAR,-300,QAR,Ooreedoo Bill,1023
20/04/2020,Credit  card,School,-22,QAR,-22,QAR,Grand others,1024
20/04/2020,Credit  card,Food,-380,QAR,-380,QAR,Grocery Grand ,1025
22/04/2020,Cash,Internet Share ,100,QAR,100,QAR,Internet Share- March (Flat 4),1026
29/04/2020,Cash,Food,-40,QAR,-40,QAR,Grocery Ezdan 3,1027
30/04/2020,Bank Account,Salary,7021,QAR,7021,QAR,Salary ,1028
30/04/2020,Bank Account,To 'Credit  card',-1229,QAR,-1229,QAR,Credit card Payment ,1029
30/04/2020,Credit  card,From 'Bank Account',1229,QAR,1229,QAR,Credit card Payment ,1030
30/04/2020,Credit  card,Charity,-94,QAR,-94,QAR,Donation ,1031
01/05/2020,Cash,Food,-61,QAR,-61,QAR,Grocery Ezdan 3,1032
05/05/2020,Cash,Food,-20,QAR,-20,QAR,Chicken Fresh ,1033
06/05/2020,Credit  card,Food,-218.13,QAR,-218.13,QAR,Grocery Getit,1034
07/05/2020,Cash,Food,-77,QAR,-77,QAR,Beef Market ,1035
07/05/2020,Cash,Eating out,-45,QAR,-45,QAR,KFC ,1036
07/05/2020,Cash,Internet Share ,300,QAR,300,QAR,"Internet Share- April, May June(23)",1037
08/05/2020,Bank Account,Health,-18.51,QAR,-18.51,QAR,Medicine Sidra,1038
17/05/2020,Cash,House,-85,QAR,-85,QAR,Grand others,1039
